{"v":"5.7.12","fr":25,"ip":0,"op":95,"w":331,"h":330,"nm":"猫-Lottie","ddd":0,"assets":[{"id":"comp_0","nm":"范围","layers":[{"ddd":0,"ind":1,"ty":4,"nm":"m1-1","sr":1,"ks":{"o":{"a":0,"k":5,"ix":11},"r":{"a":0,"k":0,"ix":10},"p":{"a":1,"k":[{"i":{"x":0.5,"y":1},"o":{"x":0.5,"y":0},"t":11,"s":[553,1597.5,0],"to":[1.667,0,0],"ti":[-3.333,0,0]},{"i":{"x":0.5,"y":1},"o":{"x":0.5,"y":0},"t":50,"s":[563,1597.5,0],"to":[3.333,0,0],"ti":[-1.667,0,0]},{"t":100,"s":[573,1597.5,0]}],"ix":2,"l":2},"a":{"a":0,"k":[0,0,0],"ix":1,"l":2},"s":{"a":0,"k":[100,100,100],"ix":6,"l":2}},"ao":0,"shapes":[{"ty":"gr","it":[{"ind":0,"ty":"sh","ix":1,"ks":{"a":1,"k":[{"i":{"x":0.5,"y":1},"o":{"x":0.5,"y":0},"t":11,"s":[{"i":[[0,0],[0,0],[0,0],[0,-0.47],[173.97,0],[0,14.08],[-0.31,0.53],[0,0],[0,0]],"o":[[0,0],[0,0],[0.31,0.53],[0,14.08],[-173.97,0],[0,-0.47],[0,0],[0,0],[0,0]],"v":[[49.5,-208.5],[-165,122],[-165.47,122],[-165,123.5],[-480,209],[-795,123.5],[-794.53,122],[-795,122],[-43.5,-208.5]],"c":true}]},{"i":{"x":0.5,"y":1},"o":{"x":0.5,"y":0},"t":40,"s":[{"i":[[0,0],[0,0],[0,0],[0,-0.47],[173.97,0],[0,14.08],[-0.31,0.53],[0,0],[0,0]],"o":[[0,0],[0,0],[0.31,0.53],[0,14.08],[-173.97,0],[0,-0.47],[0,0],[0,0],[0,0]],"v":[[41.5,-208.5],[315,121.5],[314.53,121.5],[315,123],[0,208.5],[-315,123],[-314.53,121.5],[-315,121.5],[-43.5,-208.5]],"c":true}]},{"i":{"x":0.833,"y":1},"o":{"x":0.167,"y":0},"t":72,"s":[{"i":[[0,0],[0,0],[0,0],[0,-0.47],[173.97,0],[0,14.08],[-0.31,0.53],[0,0],[0,0]],"o":[[0,0],[0,0],[0.31,0.53],[0,14.08],[-173.97,0],[0,-0.47],[0,0],[0,0],[0,0]],"v":[[45.5,-208.5],[793,122],[792.53,122],[793,123.5],[478,209],[163,123.5],[163.47,122],[163,122],[-31.5,-208.5]],"c":true}]},{"t":126,"s":[{"i":[[0,0],[0,0],[0,0],[0,-0.47],[173.97,0],[0,14.08],[-0.31,0.53],[0,0],[0,0]],"o":[[0,0],[0,0],[0.31,0.53],[0,14.08],[-173.97,0],[0,-0.47],[0,0],[0,0],[0,0]],"v":[[17.5,-208.5],[1113,122],[1112.53,122],[1113,123.5],[798,209],[483,123.5],[483.47,122],[483,122],[-35.5,-208.5]],"c":true}]}],"ix":2},"nm":"路径 1","mn":"ADBE Vector Shape - Group","hd":false},{"ty":"fl","c":{"a":0,"k":[0.298039215686,0.545098039216,0.894117647059,1],"ix":4},"o":{"a":0,"k":100,"ix":5},"r":1,"bm":0,"nm":"填充 1","mn":"ADBE Vector Graphic - Fill","hd":false},{"ty":"tr","p":{"a":0,"k":[0,0],"ix":2},"a":{"a":0,"k":[0,0],"ix":1},"s":{"a":0,"k":[100,100],"ix":3},"r":{"a":0,"k":0,"ix":6},"o":{"a":0,"k":100,"ix":7},"sk":{"a":0,"k":0,"ix":4},"sa":{"a":0,"k":0,"ix":5},"nm":"变换"}],"nm":"路径","np":2,"cix":2,"bm":0,"ix":1,"mn":"ADBE Vector Group","hd":false}],"ip":0,"op":375,"st":0,"bm":0}]},{"id":"comp_1","nm":"5","layers":[{"ddd":0,"ind":1,"ty":4,"nm":"尾巴","parent":7,"sr":1,"ks":{"o":{"a":0,"k":100,"ix":11},"r":{"a":0,"k":0,"ix":10},"p":{"a":0,"k":[-45.625,-9.744,0],"ix":2,"l":2},"a":{"a":0,"k":[-7.191,26.36,0],"ix":1,"l":2},"s":{"a":0,"k":[-100,100,100],"ix":6,"l":2}},"ao":0,"shapes":[{"ty":"gr","it":[{"ind":0,"ty":"sh","ix":1,"ks":{"a":1,"k":[{"i":{"x":0.88,"y":1},"o":{"x":0.12,"y":0},"t":0,"s":[{"i":[[0,0],[24.07,-42.12]],"o":[[0,0],[-24.07,42.12]],"v":[[-7.191,-26.36],[-4.121,26.36]],"c":false}]},{"i":{"x":0.88,"y":1},"o":{"x":0.12,"y":0},"t":10.305,"s":[{"i":[[0,0],[28.897,-33.256]],"o":[[0,0],[-31.82,36.619]],"v":[[-9.691,-21.36],[-4.121,26.36]],"c":false}]},{"i":{"x":0.88,"y":1},"o":{"x":0.167,"y":0},"t":20.06,"s":[{"i":[[0,0],[24.07,-42.12]],"o":[[0,0],[-24.07,42.12]],"v":[[-7.191,-26.36],[-4.121,26.36]],"c":false}]},{"i":{"x":0.88,"y":1},"o":{"x":0.12,"y":0},"t":30.188,"s":[{"i":[[0,0],[28.897,-33.256]],"o":[[0,0],[-31.82,36.619]],"v":[[-9.691,-21.36],[-4.121,26.36]],"c":false}]},{"i":{"x":0.88,"y":1},"o":{"x":0.167,"y":0},"t":39.942,"s":[{"i":[[0,0],[24.07,-42.12]],"o":[[0,0],[-24.07,42.12]],"v":[[-7.191,-26.36],[-4.121,26.36]],"c":false}]},{"i":{"x":0.88,"y":1},"o":{"x":0.12,"y":0},"t":50.835,"s":[{"i":[[0,0],[28.897,-33.256]],"o":[[0,0],[-31.82,36.619]],"v":[[-9.691,-21.36],[-4.121,26.36]],"c":false}]},{"i":{"x":0.88,"y":1},"o":{"x":0.167,"y":0},"t":60.591,"s":[{"i":[[0,0],[24.07,-42.12]],"o":[[0,0],[-24.07,42.12]],"v":[[-7.191,-26.36],[-4.121,26.36]],"c":false}]},{"i":{"x":0.88,"y":1},"o":{"x":0.12,"y":0},"t":71.245,"s":[{"i":[[0,0],[28.897,-33.256]],"o":[[0,0],[-31.82,36.619]],"v":[[-9.691,-21.36],[-4.121,26.36]],"c":false}]},{"t":81,"s":[{"i":[[0,0],[24.07,-42.12]],"o":[[0,0],[-24.07,42.12]],"v":[[-7.191,-26.36],[-4.121,26.36]],"c":false}]}],"ix":2},"nm":"路径 1","mn":"ADBE Vector Shape - Group","hd":false},{"ty":"st","c":{"a":0,"k":[0.43137255311,0.607843160629,0.980392158031,1],"ix":3},"o":{"a":0,"k":100,"ix":4},"w":{"a":0,"k":9,"ix":5},"lc":2,"lj":2,"bm":0,"nm":"描边 1","mn":"ADBE Vector Graphic - Stroke","hd":false},{"ty":"tr","p":{"a":0,"k":[0,0],"ix":2},"a":{"a":0,"k":[0,0],"ix":1},"s":{"a":0,"k":[100,100],"ix":3},"r":{"a":0,"k":0,"ix":6},"o":{"a":0,"k":100,"ix":7},"sk":{"a":0,"k":0,"ix":4},"sa":{"a":0,"k":0,"ix":5},"nm":"变换"}],"nm":"路径 8","np":2,"cix":2,"bm":0,"ix":1,"mn":"ADBE Vector Group","hd":false}],"ip":0,"op":125,"st":0,"bm":0},{"ddd":0,"ind":2,"ty":4,"nm":"后1","sr":1,"ks":{"o":{"a":0,"k":100,"ix":11},"r":{"a":0,"k":0,"ix":10},"p":{"a":0,"k":[533.821,1556.98,0],"ix":2,"l":2},"a":{"a":0,"k":[-6.213,-22.444,0],"ix":1,"l":2},"s":{"a":0,"k":[100,100,100],"ix":6,"l":2}},"ao":0,"shapes":[{"ty":"gr","it":[{"ind":0,"ty":"sh","ix":1,"ks":{"a":1,"k":[{"i":{"x":0.88,"y":1},"o":{"x":0.12,"y":0},"t":0,"s":[{"i":[[0,0],[1.64,-5.01],[0,0],[0,0]],"o":[[0,0],[-1.64,5],[0,0],[0,0]],"v":[[-5.057,-22.444],[-6.057,3.826],[4.163,22.446],[6.253,22.446]],"c":false}]},{"i":{"x":0.88,"y":1},"o":{"x":0.12,"y":0},"t":10.305,"s":[{"i":[[0,0],[0,-3.375],[0,0],[0,0]],"o":[[0,0],[0,2.625],[0,0],[0,0]],"v":[[-5.057,-22.444],[-26.557,3.826],[-22.087,22.446],[-19.997,22.446]],"c":false}]},{"i":{"x":0.88,"y":1},"o":{"x":0.12,"y":0},"t":15.368,"s":[{"i":[[0,0],[0,-3.375],[0,0],[0,0]],"o":[[0,0],[0,2.625],[0,0],[0,0]],"v":[[-5.057,-22.444],[-23.432,-3.049],[-18.962,15.571],[-16.872,16.821]],"c":false}]},{"i":{"x":0.88,"y":1},"o":{"x":0.167,"y":0},"t":20.06,"s":[{"i":[[0,0],[1.64,-5.01],[0,0],[0,0]],"o":[[0,0],[-1.64,5],[0,0],[0,0]],"v":[[-5.057,-22.444],[-6.057,3.826],[4.163,22.446],[6.253,22.446]],"c":false}]},{"i":{"x":0.88,"y":1},"o":{"x":0.12,"y":0},"t":30.188,"s":[{"i":[[0,0],[0,-3.375],[0,0],[0,0]],"o":[[0,0],[0,2.625],[0,0],[0,0]],"v":[[-5.057,-22.444],[-26.557,3.826],[-22.087,22.446],[-19.997,22.446]],"c":false}]},{"i":{"x":0.88,"y":1},"o":{"x":0.12,"y":0},"t":35.252,"s":[{"i":[[0,0],[0,-3.375],[0,0],[0,0]],"o":[[0,0],[0,2.625],[0,0],[0,0]],"v":[[-5.057,-22.444],[-23.432,-3.049],[-18.962,15.571],[-16.872,16.821]],"c":false}]},{"i":{"x":0.88,"y":1},"o":{"x":0.167,"y":0},"t":39.942,"s":[{"i":[[0,0],[1.64,-5.01],[0,0],[0,0]],"o":[[0,0],[-1.64,5],[0,0],[0,0]],"v":[[-5.057,-22.444],[-6.057,3.826],[4.163,22.446],[6.253,22.446]],"c":false}]},{"i":{"x":0.88,"y":1},"o":{"x":0.12,"y":0},"t":50.835,"s":[{"i":[[0,0],[0,-3.375],[0,0],[0,0]],"o":[[0,0],[0,2.625],[0,0],[0,0]],"v":[[-5.057,-22.444],[-26.557,3.826],[-22.087,22.446],[-19.997,22.446]],"c":false}]},{"i":{"x":0.88,"y":1},"o":{"x":0.12,"y":0},"t":55.9,"s":[{"i":[[0,0],[0,-3.375],[0,0],[0,0]],"o":[[0,0],[0,2.625],[0,0],[0,0]],"v":[[-5.057,-22.444],[-23.432,-3.049],[-18.962,15.571],[-16.872,16.821]],"c":false}]},{"i":{"x":0.88,"y":1},"o":{"x":0.167,"y":0},"t":60.591,"s":[{"i":[[0,0],[1.64,-5.01],[0,0],[0,0]],"o":[[0,0],[-1.64,5],[0,0],[0,0]],"v":[[-5.057,-22.444],[-6.057,3.826],[4.163,22.446],[6.253,22.446]],"c":false}]},{"i":{"x":0.88,"y":1},"o":{"x":0.12,"y":0},"t":71.245,"s":[{"i":[[0,0],[0,-3.375],[0,0],[0,0]],"o":[[0,0],[0,2.625],[0,0],[0,0]],"v":[[-5.057,-22.444],[-26.557,3.826],[-22.087,22.446],[-19.997,22.446]],"c":false}]},{"i":{"x":0.88,"y":1},"o":{"x":0.12,"y":0},"t":76.309,"s":[{"i":[[0,0],[0,-3.375],[0,0],[0,0]],"o":[[0,0],[0,2.625],[0,0],[0,0]],"v":[[-5.057,-22.444],[-23.432,-3.049],[-18.962,15.571],[-16.872,16.821]],"c":false}]},{"t":81,"s":[{"i":[[0,0],[1.64,-5.01],[0,0],[0,0]],"o":[[0,0],[-1.64,5],[0,0],[0,0]],"v":[[-5.057,-22.444],[-6.057,3.826],[4.163,22.446],[6.253,22.446]],"c":false}]}],"ix":2},"nm":"路径 1","mn":"ADBE Vector Shape - Group","hd":false},{"ty":"st","c":{"a":0,"k":[0.43137255311,0.607843160629,0.980392158031,1],"ix":3},"o":{"a":0,"k":100,"ix":4},"w":{"a":0,"k":10,"ix":5},"lc":2,"lj":2,"bm":0,"nm":"描边 1","mn":"ADBE Vector Graphic - Stroke","hd":false},{"ty":"tr","p":{"a":0,"k":[0,0],"ix":2},"a":{"a":0,"k":[0,0],"ix":1},"s":{"a":0,"k":[100,100],"ix":3},"r":{"a":0,"k":0,"ix":6},"o":{"a":0,"k":100,"ix":7},"sk":{"a":0,"k":0,"ix":4},"sa":{"a":0,"k":0,"ix":5},"nm":"变换"}],"nm":"路径 7","np":2,"cix":2,"bm":0,"ix":1,"mn":"ADBE Vector Group","hd":false}],"ip":0,"op":125,"st":0,"bm":0},{"ddd":0,"ind":3,"ty":4,"nm":"前1","sr":1,"ks":{"o":{"a":0,"k":100,"ix":11},"r":{"a":0,"k":0,"ix":10},"p":{"a":0,"k":[578.974,1566.086,0],"ix":2,"l":2},"a":{"a":0,"k":[-8.436,-18.055,0],"ix":1,"l":2},"s":{"a":0,"k":[-100,100,100],"ix":6,"l":2}},"ao":0,"shapes":[{"ty":"gr","it":[{"ind":0,"ty":"sh","ix":1,"ks":{"a":1,"k":[{"i":{"x":0.88,"y":1},"o":{"x":0.12,"y":0},"t":0,"s":[{"i":[[0,0],[-1.544,-2.786],[-2.076,0],[0,0]],"o":[[0,0],[0.589,1.062],[0,0],[0,0]],"v":[[-8.436,-18.055],[-3.167,-7.106],[8.114,18.055],[6.024,18.055]],"c":false}]},{"i":{"x":0.88,"y":1},"o":{"x":0.12,"y":0},"t":4.765,"s":[{"i":[[0,0],[-0.29,0],[-7.075,-5.02],[0,0]],"o":[[0,0],[-0.456,0],[0,0],[0,0]],"v":[[-8.436,-18.055],[-19.672,0.527],[-7.636,9.129],[-5.024,9.376]],"c":false}]},{"i":{"x":0.88,"y":1},"o":{"x":0.12,"y":0},"t":10.305,"s":[{"i":[[0,0],[1.687,-5.742],[3.015,-9.42],[0,0]],"o":[[0,0],[-2.111,7.186],[0,0],[0,0]],"v":[[-8.436,-18.055],[-11.213,-8.484],[-19.386,18.305],[-21.476,18.305]],"c":false}]},{"i":{"x":0.88,"y":1},"o":{"x":0.12,"y":0},"t":20.06,"s":[{"i":[[0,0],[-1.544,-2.786],[-2.076,0],[0,0]],"o":[[0,0],[0.589,1.062],[0,0],[0,0]],"v":[[-8.436,-18.055],[-3.167,-7.106],[8.114,18.055],[6.024,18.055]],"c":false}]},{"i":{"x":0.88,"y":1},"o":{"x":0.12,"y":0},"t":24.647,"s":[{"i":[[0,0],[-0.29,0],[-7.075,-5.02],[0,0]],"o":[[0,0],[-0.456,0],[0,0],[0,0]],"v":[[-8.436,-18.055],[-19.672,0.527],[-7.636,9.129],[-5.024,9.376]],"c":false}]},{"i":{"x":0.88,"y":1},"o":{"x":0.12,"y":0},"t":30.188,"s":[{"i":[[0,0],[1.687,-5.742],[3.015,-9.42],[0,0]],"o":[[0,0],[-2.111,7.186],[0,0],[0,0]],"v":[[-8.436,-18.055],[-11.213,-8.484],[-19.386,18.305],[-21.476,18.305]],"c":false}]},{"i":{"x":0.88,"y":1},"o":{"x":0.12,"y":0},"t":39.942,"s":[{"i":[[0,0],[-1.544,-2.786],[-2.076,0],[0,0]],"o":[[0,0],[0.589,1.062],[0,0],[0,0]],"v":[[-8.436,-18.055],[-3.167,-7.106],[8.114,18.055],[6.024,18.055]],"c":false}]},{"i":{"x":0.88,"y":1},"o":{"x":0.12,"y":0},"t":45.296,"s":[{"i":[[0,0],[-0.29,0],[-7.075,-5.02],[0,0]],"o":[[0,0],[-0.456,0],[0,0],[0,0]],"v":[[-8.436,-18.055],[-19.672,0.527],[-7.636,9.129],[-5.024,9.376]],"c":false}]},{"i":{"x":0.88,"y":1},"o":{"x":0.12,"y":0},"t":50.835,"s":[{"i":[[0,0],[1.687,-5.742],[3.015,-9.42],[0,0]],"o":[[0,0],[-2.111,7.186],[0,0],[0,0]],"v":[[-8.436,-18.055],[-11.213,-8.484],[-19.386,18.305],[-21.476,18.305]],"c":false}]},{"i":{"x":0.88,"y":1},"o":{"x":0.167,"y":0},"t":60.591,"s":[{"i":[[0,0],[-1.544,-2.786],[-2.076,0],[0,0]],"o":[[0,0],[0.589,1.062],[0,0],[0,0]],"v":[[-8.436,-18.055],[-3.167,-7.106],[8.114,18.055],[6.024,18.055]],"c":false}]},{"i":{"x":0.88,"y":1},"o":{"x":0.12,"y":0},"t":65.705,"s":[{"i":[[0,0],[-0.29,0],[-7.075,-5.02],[0,0]],"o":[[0,0],[-0.456,0],[0,0],[0,0]],"v":[[-8.436,-18.055],[-19.672,0.527],[-7.636,9.129],[-5.024,9.376]],"c":false}]},{"i":{"x":0.88,"y":1},"o":{"x":0.12,"y":0},"t":71.245,"s":[{"i":[[0,0],[1.687,-5.742],[3.015,-9.42],[0,0]],"o":[[0,0],[-2.111,7.186],[0,0],[0,0]],"v":[[-8.436,-18.055],[-11.213,-8.484],[-19.386,18.305],[-21.476,18.305]],"c":false}]},{"t":81,"s":[{"i":[[0,0],[-1.544,-2.786],[-2.076,0],[0,0]],"o":[[0,0],[0.589,1.062],[0,0],[0,0]],"v":[[-8.436,-18.055],[-3.167,-7.106],[8.114,18.055],[6.024,18.055]],"c":false}]}],"ix":2},"nm":"路径 1","mn":"ADBE Vector Shape - Group","hd":false},{"ty":"st","c":{"a":0,"k":[0.43137255311,0.607843160629,0.980392158031,1],"ix":3},"o":{"a":0,"k":100,"ix":4},"w":{"a":0,"k":10,"ix":5},"lc":2,"lj":2,"bm":0,"nm":"描边 1","mn":"ADBE Vector Graphic - Stroke","hd":false},{"ty":"tr","p":{"a":0,"k":[0,0],"ix":2},"a":{"a":0,"k":[0,0],"ix":1},"s":{"a":0,"k":[100,100],"ix":3},"r":{"a":0,"k":0,"ix":6},"o":{"a":0,"k":100,"ix":7},"sk":{"a":0,"k":0,"ix":4},"sa":{"a":0,"k":0,"ix":5},"nm":"变换"}],"nm":"路径 5","np":2,"cix":2,"bm":0,"ix":1,"mn":"ADBE Vector Group","hd":false}],"ip":0,"op":125,"st":0,"bm":0},{"ddd":0,"ind":4,"ty":4,"nm":"后2","sr":1,"ks":{"o":{"a":0,"k":100,"ix":11},"r":{"a":0,"k":0,"ix":10},"p":{"a":0,"k":[532.752,1555.868,0],"ix":2,"l":2},"a":{"a":0,"k":[-10.238,-22.363,0],"ix":1,"l":2},"s":{"a":0,"k":[-100,100,100],"ix":6,"l":2}},"ao":0,"shapes":[{"ty":"gr","it":[{"ind":0,"ty":"sh","ix":1,"ks":{"a":1,"k":[{"i":{"x":0.88,"y":1},"o":{"x":0.12,"y":0},"t":0,"s":[{"i":[[0,0],[-3.36,-4.66],[-2.25,-2.99],[0,0],[0,0]],"o":[[0,0],[3.93,5.46],[0,0],[0,0],[0,0]],"v":[[-10.238,-22.363],[-0.358,-5.333],[10.242,3.017],[3.042,21.867],[0.322,21.867]],"c":false}]},{"i":{"x":0.88,"y":1},"o":{"x":0.12,"y":0},"t":4.607,"s":[{"i":[[0,0],[-3.36,-4.66],[-2.25,-2.99],[0,0],[0,0]],"o":[[0,0],[3.93,5.46],[0,0],[0,0],[0,0]],"v":[[-10.238,-22.363],[-0.358,-5.333],[3.367,-1.546],[-3.833,16.554],[-6.553,17.492]],"c":false}]},{"i":{"x":0.88,"y":1},"o":{"x":0.12,"y":0},"t":10.305,"s":[{"i":[[0,0],[-1.836,-5.444],[2.022,-3.873],[0,0],[0,0]],"o":[[0,0],[-0.128,-0.148],[0,0],[0,0],[0,0]],"v":[[-10.238,-22.363],[-10.358,-5.333],[-14.705,3.839],[-23.208,21.742],[-25.928,21.742]],"c":false}]},{"i":{"x":0.88,"y":1},"o":{"x":0.167,"y":0},"t":20.06,"s":[{"i":[[0,0],[-3.36,-4.66],[-2.25,-2.99],[0,0],[0,0]],"o":[[0,0],[3.93,5.46],[0,0],[0,0],[0,0]],"v":[[-10.238,-22.363],[-0.358,-5.333],[10.242,3.017],[3.042,21.867],[0.322,21.867]],"c":false}]},{"i":{"x":0.88,"y":1},"o":{"x":0.12,"y":0},"t":24.49,"s":[{"i":[[0,0],[-3.36,-4.66],[-2.25,-2.99],[0,0],[0,0]],"o":[[0,0],[3.93,5.46],[0,0],[0,0],[0,0]],"v":[[-10.238,-22.363],[-0.358,-5.333],[3.367,-1.546],[-3.833,16.554],[-6.553,17.492]],"c":false}]},{"i":{"x":0.88,"y":1},"o":{"x":0.12,"y":0},"t":30.188,"s":[{"i":[[0,0],[-1.836,-5.444],[2.022,-3.873],[0,0],[0,0]],"o":[[0,0],[-0.128,-0.148],[0,0],[0,0],[0,0]],"v":[[-10.238,-22.363],[-10.358,-5.333],[-14.705,3.839],[-23.208,21.742],[-25.928,21.742]],"c":false}]},{"i":{"x":0.88,"y":1},"o":{"x":0.167,"y":0},"t":39.942,"s":[{"i":[[0,0],[-3.36,-4.66],[-2.25,-2.99],[0,0],[0,0]],"o":[[0,0],[3.93,5.46],[0,0],[0,0],[0,0]],"v":[[-10.238,-22.363],[-0.358,-5.333],[10.242,3.017],[3.042,21.867],[0.322,21.867]],"c":false}]},{"i":{"x":0.88,"y":1},"o":{"x":0.12,"y":0},"t":45.138,"s":[{"i":[[0,0],[-3.36,-4.66],[-2.25,-2.99],[0,0],[0,0]],"o":[[0,0],[3.93,5.46],[0,0],[0,0],[0,0]],"v":[[-10.238,-22.363],[-0.358,-5.333],[3.367,-1.546],[-3.833,16.554],[-6.553,17.492]],"c":false}]},{"i":{"x":0.88,"y":1},"o":{"x":0.12,"y":0},"t":50.835,"s":[{"i":[[0,0],[-1.836,-5.444],[2.022,-3.873],[0,0],[0,0]],"o":[[0,0],[-0.128,-0.148],[0,0],[0,0],[0,0]],"v":[[-10.238,-22.363],[-10.358,-5.333],[-14.705,3.839],[-23.208,21.742],[-25.928,21.742]],"c":false}]},{"i":{"x":0.88,"y":1},"o":{"x":0.167,"y":0},"t":60.591,"s":[{"i":[[0,0],[-3.36,-4.66],[-2.25,-2.99],[0,0],[0,0]],"o":[[0,0],[3.93,5.46],[0,0],[0,0],[0,0]],"v":[[-10.238,-22.363],[-0.358,-5.333],[10.242,3.017],[3.042,21.867],[0.322,21.867]],"c":false}]},{"i":{"x":0.88,"y":1},"o":{"x":0.12,"y":0},"t":65.548,"s":[{"i":[[0,0],[-3.36,-4.66],[-2.25,-2.99],[0,0],[0,0]],"o":[[0,0],[3.93,5.46],[0,0],[0,0],[0,0]],"v":[[-10.238,-22.363],[-0.358,-5.333],[3.367,-1.546],[-3.833,16.554],[-6.553,17.492]],"c":false}]},{"i":{"x":0.88,"y":1},"o":{"x":0.12,"y":0},"t":71.245,"s":[{"i":[[0,0],[-1.836,-5.444],[2.022,-3.873],[0,0],[0,0]],"o":[[0,0],[-0.128,-0.148],[0,0],[0,0],[0,0]],"v":[[-10.238,-22.363],[-10.358,-5.333],[-14.705,3.839],[-23.208,21.742],[-25.928,21.742]],"c":false}]},{"t":81,"s":[{"i":[[0,0],[-3.36,-4.66],[-2.25,-2.99],[0,0],[0,0]],"o":[[0,0],[3.93,5.46],[0,0],[0,0],[0,0]],"v":[[-10.238,-22.363],[-0.358,-5.333],[10.242,3.017],[3.042,21.867],[0.322,21.867]],"c":false}]}],"ix":2},"nm":"路径 1","mn":"ADBE Vector Shape - Group","hd":false},{"ty":"st","c":{"a":0,"k":[0.43137255311,0.607843160629,0.980392158031,1],"ix":3},"o":{"a":0,"k":100,"ix":4},"w":{"a":0,"k":10,"ix":5},"lc":2,"lj":2,"bm":0,"nm":"描边 1","mn":"ADBE Vector Graphic - Stroke","hd":false},{"ty":"tr","p":{"a":0,"k":[0,0],"ix":2},"a":{"a":0,"k":[0,0],"ix":1},"s":{"a":0,"k":[100,100],"ix":3},"r":{"a":0,"k":0,"ix":6},"o":{"a":0,"k":100,"ix":7},"sk":{"a":0,"k":0,"ix":4},"sa":{"a":0,"k":0,"ix":5},"nm":"变换"}],"nm":"路径 9","np":2,"cix":2,"bm":0,"ix":1,"mn":"ADBE Vector Group","hd":false}],"ip":0,"op":125,"st":0,"bm":0},{"ddd":0,"ind":5,"ty":4,"nm":"前3","sr":1,"ks":{"o":{"a":0,"k":100,"ix":11},"r":{"a":0,"k":0,"ix":10},"p":{"a":0,"k":[573.974,1563.586,0],"ix":2,"l":2},"a":{"a":0,"k":[-8.436,-18.055,0],"ix":1,"l":2},"s":{"a":0,"k":[100,100,100],"ix":6,"l":2}},"ao":0,"shapes":[{"ty":"gr","it":[{"ind":0,"ty":"sh","ix":1,"ks":{"a":1,"k":[{"i":{"x":0.88,"y":1},"o":{"x":0.12,"y":0},"t":0,"s":[{"i":[[0,0],[-1.544,-2.786],[-2.076,0],[0,0]],"o":[[0,0],[0.589,1.062],[0,0],[0,0]],"v":[[-8.436,-18.055],[-3.167,-7.106],[8.114,18.055],[6.024,18.055]],"c":false}]},{"i":{"x":0.88,"y":1},"o":{"x":0.12,"y":0},"t":10.696,"s":[{"i":[[0,0],[1.687,-5.742],[3.015,-9.42],[0,0]],"o":[[0,0],[-2.111,7.186],[0,0],[0,0]],"v":[[-8.436,-18.055],[-11.213,-8.484],[-19.386,18.305],[-21.476,18.305]],"c":false}]},{"i":{"x":0.88,"y":1},"o":{"x":0.12,"y":0},"t":16.236,"s":[{"i":[[0,0],[-0.29,0],[-7.7,-10.645],[0,0]],"o":[[0,0],[-0.456,0],[0,0],[0,0]],"v":[[-8.436,-18.055],[-17.172,-3.473],[-7.636,9.129],[-5.024,9.376]],"c":false}]},{"i":{"x":0.88,"y":1},"o":{"x":0.12,"y":0},"t":20.06,"s":[{"i":[[0,0],[-1.544,-2.786],[-2.076,0],[0,0]],"o":[[0,0],[0.589,1.062],[0,0],[0,0]],"v":[[-8.436,-18.055],[-3.167,-7.106],[8.114,18.055],[6.024,18.055]],"c":false}]},{"i":{"x":0.88,"y":1},"o":{"x":0.12,"y":0},"t":30.578,"s":[{"i":[[0,0],[1.687,-5.742],[3.015,-9.42],[0,0]],"o":[[0,0],[-2.111,7.186],[0,0],[0,0]],"v":[[-8.436,-18.055],[-11.213,-8.484],[-19.386,18.305],[-21.476,18.305]],"c":false}]},{"i":{"x":0.88,"y":1},"o":{"x":0.12,"y":0},"t":36.118,"s":[{"i":[[0,0],[-0.29,0],[-7.7,-10.645],[0,0]],"o":[[0,0],[-0.456,0],[0,0],[0,0]],"v":[[-8.436,-18.055],[-17.172,-3.473],[-7.636,9.129],[-5.024,9.376]],"c":false}]},{"i":{"x":0.88,"y":1},"o":{"x":0.12,"y":0},"t":39.942,"s":[{"i":[[0,0],[-1.544,-2.786],[-2.076,0],[0,0]],"o":[[0,0],[0.589,1.062],[0,0],[0,0]],"v":[[-8.436,-18.055],[-3.167,-7.106],[8.114,18.055],[6.024,18.055]],"c":false}]},{"i":{"x":0.88,"y":1},"o":{"x":0.12,"y":0},"t":51.227,"s":[{"i":[[0,0],[1.687,-5.742],[3.015,-9.42],[0,0]],"o":[[0,0],[-2.111,7.186],[0,0],[0,0]],"v":[[-8.436,-18.055],[-11.213,-8.484],[-19.386,18.305],[-21.476,18.305]],"c":false}]},{"i":{"x":0.88,"y":1},"o":{"x":0.12,"y":0},"t":56.768,"s":[{"i":[[0,0],[-0.29,0],[-7.7,-10.645],[0,0]],"o":[[0,0],[-0.456,0],[0,0],[0,0]],"v":[[-8.436,-18.055],[-17.172,-3.473],[-7.636,9.129],[-5.024,9.376]],"c":false}]},{"i":{"x":0.88,"y":1},"o":{"x":0.167,"y":0},"t":60.591,"s":[{"i":[[0,0],[-1.544,-2.786],[-2.076,0],[0,0]],"o":[[0,0],[0.589,1.062],[0,0],[0,0]],"v":[[-8.436,-18.055],[-3.167,-7.106],[8.114,18.055],[6.024,18.055]],"c":false}]},{"i":{"x":0.88,"y":1},"o":{"x":0.12,"y":0},"t":71.637,"s":[{"i":[[0,0],[1.687,-5.742],[3.015,-9.42],[0,0]],"o":[[0,0],[-2.111,7.186],[0,0],[0,0]],"v":[[-8.436,-18.055],[-11.213,-8.484],[-19.386,18.305],[-21.476,18.305]],"c":false}]},{"i":{"x":0.88,"y":1},"o":{"x":0.12,"y":0},"t":77.177,"s":[{"i":[[0,0],[-0.29,0],[-7.7,-10.645],[0,0]],"o":[[0,0],[-0.456,0],[0,0],[0,0]],"v":[[-8.436,-18.055],[-17.172,-3.473],[-7.636,9.129],[-5.024,9.376]],"c":false}]},{"t":81,"s":[{"i":[[0,0],[-1.544,-2.786],[-2.076,0],[0,0]],"o":[[0,0],[0.589,1.062],[0,0],[0,0]],"v":[[-8.436,-18.055],[-3.167,-7.106],[8.114,18.055],[6.024,18.055]],"c":false}]}],"ix":2},"nm":"路径 1","mn":"ADBE Vector Shape - Group","hd":false},{"ty":"st","c":{"a":0,"k":[0.43137255311,0.607843160629,0.980392158031,1],"ix":3},"o":{"a":0,"k":100,"ix":4},"w":{"a":0,"k":10,"ix":5},"lc":2,"lj":2,"bm":0,"nm":"描边 1","mn":"ADBE Vector Graphic - Stroke","hd":false},{"ty":"tr","p":{"a":0,"k":[0,0],"ix":2},"a":{"a":0,"k":[0,0],"ix":1},"s":{"a":0,"k":[100,100],"ix":3},"r":{"a":0,"k":0,"ix":6},"o":{"a":0,"k":100,"ix":7},"sk":{"a":0,"k":0,"ix":4},"sa":{"a":0,"k":0,"ix":5},"nm":"变换"}],"nm":"路径 5","np":2,"cix":2,"bm":0,"ix":1,"mn":"ADBE Vector Group","hd":false}],"ip":0,"op":125,"st":0,"bm":0},{"ddd":0,"ind":7,"ty":4,"nm":"身体","sr":1,"ks":{"o":{"a":0,"k":100,"ix":11},"r":{"a":0,"k":0,"ix":10},"p":{"a":1,"k":[{"i":{"x":0.88,"y":1},"o":{"x":0.12,"y":0},"t":0,"s":[562.093,1553.231,0],"to":[0,-0.084,0],"ti":[0,0.215,0]},{"i":{"x":0.88,"y":1},"o":{"x":0.12,"y":0},"t":4,"s":[560.093,1553.25,0],"to":[0,-0.525,0],"ti":[0,0,0]},{"i":{"x":0.88,"y":1},"o":{"x":0.12,"y":0},"t":10.305,"s":[561.593,1552,0],"to":[0,0,0],"ti":[0.25,-0.208,0]},{"i":{"x":0.88,"y":1},"o":{"x":0.167,"y":0},"t":20.06,"s":[561.593,1553.731,0],"to":[-0.25,0.208,0],"ti":[0,0.215,0]},{"i":{"x":0.88,"y":1},"o":{"x":0.12,"y":0},"t":23.883,"s":[560.093,1553.25,0],"to":[0,-0.525,0],"ti":[0,0,0]},{"i":{"x":0.88,"y":1},"o":{"x":0.12,"y":0},"t":30.188,"s":[561.593,1552,0],"to":[0,0,0],"ti":[0.25,-0.208,0]},{"i":{"x":0.88,"y":1},"o":{"x":0.167,"y":0},"t":39.942,"s":[561.593,1553.731,0],"to":[-0.25,0.208,0],"ti":[0,0.215,0]},{"i":{"x":0.88,"y":1},"o":{"x":0.12,"y":0},"t":44.531,"s":[560.093,1553.25,0],"to":[0,-0.525,0],"ti":[0,0,0]},{"i":{"x":0.88,"y":1},"o":{"x":0.12,"y":0},"t":50.835,"s":[561.593,1552,0],"to":[0,0,0],"ti":[0.25,-0.208,0]},{"i":{"x":0.88,"y":1},"o":{"x":0.167,"y":0},"t":60.591,"s":[561.593,1553.731,0],"to":[-0.25,0.208,0],"ti":[0,0.215,0]},{"i":{"x":0.88,"y":1},"o":{"x":0.12,"y":0},"t":64.94,"s":[560.093,1553.25,0],"to":[0,-0.525,0],"ti":[0,0,0]},{"i":{"x":0.88,"y":1},"o":{"x":0.12,"y":0},"t":71.245,"s":[561.593,1552,0],"to":[0,0,0],"ti":[0,-0.289,0]},{"t":81,"s":[561.593,1553.731,0]}],"ix":2,"l":2},"a":{"a":0,"k":[0,0,0],"ix":1,"l":2},"s":{"a":0,"k":[100,100,100],"ix":6,"l":2}},"ao":0,"shapes":[{"ty":"gr","it":[{"ind":0,"ty":"sh","ix":1,"ks":{"a":0,"k":{"i":[[22.42,5.59],[2.29,5.04],[-7.96,22.1],[-22.64,-10.21],[-11.46,-4.08],[-6.28,1.47],[-1.2,-1.19],[-5.9,1.84],[2.86,-4.24],[0,0],[0,0],[2.29,-4.24],[4.57,-0.74],[4.19,3.14],[2.28,-2.39],[5.6,-3.34]],"o":[[-22.42,-5.59],[0,0],[7.97,-22.09],[2.17,1.16],[0,0],[0,0],[1.21,1.18],[0,0],[0,0],[0,0],[0,0],[-1.01,1.88],[0,0],[0,0],[0,0],[-5.6,3.34]],"v":[[-13.435,26.107],[-47.505,14.507],[-54.275,-14.433],[8.755,-18.023],[23.345,-15.193],[34.205,-15.193],[42.075,-19.123],[48.885,-15.873],[56.125,-16.423],[52.695,-12.193],[54.425,-5.493],[53.665,4.827],[49.075,12.327],[40.695,10.477],[34.795,10.847],[24.555,22.407]],"c":true},"ix":2},"nm":"路径 1","mn":"ADBE Vector Shape - Group","hd":false},{"ty":"fl","c":{"a":0,"k":[0.43137255311,0.607843160629,0.980392158031,1],"ix":4},"o":{"a":0,"k":100,"ix":5},"r":1,"bm":0,"nm":"填充 1","mn":"ADBE Vector Graphic - Fill","hd":false},{"ty":"tr","p":{"a":0,"k":[0,0],"ix":2},"a":{"a":0,"k":[0,0],"ix":1},"s":{"a":0,"k":[100,100],"ix":3},"r":{"a":0,"k":-10,"ix":6},"o":{"a":0,"k":100,"ix":7},"sk":{"a":0,"k":0,"ix":4},"sa":{"a":0,"k":0,"ix":5},"nm":"变换"}],"nm":"路径","np":2,"cix":2,"bm":0,"ix":1,"mn":"ADBE Vector Group","hd":false}],"ip":0,"op":125,"st":0,"bm":0},{"ddd":0,"ind":8,"ty":4,"nm":"地面","sr":1,"ks":{"o":{"a":0,"k":60,"ix":11},"r":{"a":0,"k":0,"ix":10},"p":{"a":0,"k":[552.568,1606,0],"ix":2,"l":2},"a":{"a":0,"k":[0,0,0],"ix":1,"l":2},"s":{"a":0,"k":[-23.852,35.743,100],"ix":6,"l":2}},"ao":0,"shapes":[{"ty":"gr","it":[{"d":1,"ty":"el","s":{"a":0,"k":[324,48],"ix":2},"p":{"a":0,"k":[0,0],"ix":3},"nm":"椭圆路径 1","mn":"ADBE Vector Shape - Ellipse","hd":false},{"ty":"fl","c":{"a":0,"k":[0.862007081509,0.880936026573,0.922579646111,1],"ix":4},"o":{"a":0,"k":100,"ix":5},"r":1,"bm":0,"nm":"填充 1","mn":"ADBE Vector Graphic - Fill","hd":false},{"ty":"tr","p":{"a":0,"k":[0,0],"ix":2},"a":{"a":0,"k":[0,0],"ix":1},"s":{"a":0,"k":[100,100],"ix":3},"r":{"a":0,"k":0,"ix":6},"o":{"a":0,"k":100,"ix":7},"sk":{"a":0,"k":0,"ix":4},"sa":{"a":0,"k":0,"ix":5},"nm":"变换"}],"nm":"地面","np":2,"cix":2,"bm":0,"ix":1,"mn":"ADBE Vector Group","hd":false}],"ip":0,"op":125,"st":0,"bm":0}]},{"id":"comp_2","nm":"整-动态","layers":[{"ddd":0,"ind":1,"ty":0,"nm":"镜头","refId":"comp_3","sr":1,"ks":{"o":{"a":0,"k":100,"ix":11},"r":{"a":0,"k":0,"ix":10},"p":{"a":1,"k":[{"i":{"x":0.833,"y":0.833},"o":{"x":0.167,"y":0.167},"t":9,"s":[522,999.5,0],"to":[6.917,0.25,0],"ti":[-11,0,0]},{"i":{"x":0.833,"y":0.833},"o":{"x":0.167,"y":0.167},"t":63,"s":[563.5,1001,0],"to":[11,0,0],"ti":[-4.083,0.25,0]},{"t":125,"s":[588,999.5,0]}],"ix":2,"l":2},"a":{"a":0,"k":[562.5,1000.5,0],"ix":1,"l":2},"s":{"a":1,"k":[{"i":{"x":[0.833,0.833,0.833],"y":[0.833,0.833,0.833]},"o":{"x":[0.167,0.167,0.167],"y":[0.167,0.167,0.167]},"t":9,"s":[95,100,100]},{"i":{"x":[0.833,0.833,0.833],"y":[0.833,0.833,0.833]},"o":{"x":[0.167,0.167,0.167],"y":[0.167,0.167,0.167]},"t":63,"s":[100,100,100]},{"t":125,"s":[95,100,100]}],"ix":6,"l":2}},"ao":0,"w":1125,"h":2001,"ip":0,"op":375,"st":0,"bm":0},{"ddd":0,"ind":3,"ty":4,"nm":"circle","sr":1,"ks":{"o":{"a":0,"k":100,"ix":11},"r":{"a":0,"k":0,"ix":10},"p":{"a":1,"k":[{"i":{"x":0.833,"y":0.833},"o":{"x":0.167,"y":0.167},"t":9,"s":[381,979.75,0],"to":[4.667,0,0],"ti":[-8.167,0,0]},{"i":{"x":0.833,"y":0.833},"o":{"x":0.167,"y":0.167},"t":63,"s":[409,979.75,0],"to":[8.167,0,0],"ti":[-3.5,0,0]},{"t":125,"s":[430,979.75,0]}],"ix":2,"l":2},"a":{"a":0,"k":[0,0,0],"ix":1,"l":2},"s":{"a":0,"k":[100,99.555,100],"ix":6,"l":2}},"ao":0,"shapes":[{"ty":"gr","it":[{"ind":0,"ty":"sh","ix":1,"ks":{"a":0,"k":{"i":[[17.551,0],[0,0],[0,-17.551],[-17.551,0],[0,0],[0,17.551]],"o":[[0,0],[-17.551,0],[0,17.551],[0,0],[17.551,0],[0,-17.551]],"v":[[15.365,-31.779],[-15.365,-31.779],[-47.145,0],[-15.365,31.779],[15.365,31.779],[47.145,0]],"c":true},"ix":2},"nm":"路径 1","mn":"ADBE Vector Shape - Group","hd":false},{"ty":"st","c":{"a":0,"k":[0.847058823529,0.847058823529,0.854901960784,1],"ix":3},"o":{"a":0,"k":100,"ix":4},"w":{"a":0,"k":4,"ix":5},"lc":2,"lj":1,"ml":4,"bm":0,"nm":"描边 1","mn":"ADBE Vector Graphic - Stroke","hd":false},{"ty":"fl","c":{"a":0,"k":[0.125489994124,0.192156997381,0.329412004059,1],"ix":4},"o":{"a":0,"k":100,"ix":5},"r":1,"bm":0,"nm":"填充 1","mn":"ADBE Vector Graphic - Fill","hd":false},{"ty":"tr","p":{"a":0,"k":[155.293,423.04],"ix":2},"a":{"a":0,"k":[0,0],"ix":1},"s":{"a":0,"k":[103.632,108.684],"ix":3},"r":{"a":0,"k":0,"ix":6},"o":{"a":0,"k":100,"ix":7},"sk":{"a":0,"k":0,"ix":4},"sa":{"a":0,"k":0,"ix":5},"nm":"变换"}],"nm":"矩形 1","np":3,"cix":2,"bm":0,"ix":1,"mn":"ADBE Vector Group","hd":false}],"ip":0,"op":375,"st":0,"bm":0}]},{"id":"comp_3","nm":"镜头","layers":[{"ddd":0,"ind":1,"ty":4,"nm":"椭圆形备份 2","sr":1,"ks":{"o":{"a":0,"k":100,"ix":11},"r":{"a":0,"k":0,"ix":10},"p":{"a":0,"k":[582,1401.817,0],"ix":2,"l":2},"a":{"a":0,"k":[0,0,0],"ix":1,"l":2},"s":{"a":0,"k":[100,100,100],"ix":6,"l":2}},"ao":0,"shapes":[{"ty":"gr","it":[{"d":1,"ty":"el","s":{"a":0,"k":[13.25,13.211],"ix":2},"p":{"a":0,"k":[0,0],"ix":3},"nm":"椭圆路径 1","mn":"ADBE Vector Shape - Ellipse","hd":false},{"ty":"fl","c":{"a":1,"k":[{"i":{"x":[0.833],"y":[0.833]},"o":{"x":[0.167],"y":[0.167]},"t":0,"s":[0.176470592618,0.172549024224,0.235294118524,1]},{"i":{"x":[0.833],"y":[0.833]},"o":{"x":[0.167],"y":[0.167]},"t":50,"s":[0.235204875469,0.229805752635,0.316191792488,1]},{"i":{"x":[0.833],"y":[0.833]},"o":{"x":[0.167],"y":[0.167]},"t":100,"s":[0.176470592618,0.172549024224,0.235294118524,1]},{"i":{"x":[0.833],"y":[0.833]},"o":{"x":[0.167],"y":[0.167]},"t":150,"s":[0.235294118524,0.23137255013,0.317647069693,1]},{"t":200,"s":[0.176470592618,0.172549024224,0.235294118524,1]}],"ix":4},"o":{"a":0,"k":100,"ix":5},"r":1,"bm":0,"nm":"填充 1","mn":"ADBE Vector Graphic - Fill","hd":false},{"ty":"tr","p":{"a":0,"k":[0,0],"ix":2},"a":{"a":0,"k":[0,0],"ix":1},"s":{"a":0,"k":[100,100],"ix":3},"r":{"a":0,"k":0,"ix":6},"o":{"a":0,"k":100,"ix":7},"sk":{"a":0,"k":0,"ix":4},"sa":{"a":0,"k":0,"ix":5},"nm":"变换"}],"nm":"椭圆形备份 2","np":2,"cix":2,"bm":0,"ix":1,"mn":"ADBE Vector Group","hd":false}],"ip":0,"op":375,"st":0,"bm":0},{"ddd":0,"ind":2,"ty":4,"nm":"椭圆形 2","sr":1,"ks":{"o":{"a":0,"k":80,"ix":11},"r":{"a":0,"k":0,"ix":10},"p":{"a":1,"k":[{"i":{"x":0.833,"y":0.833},"o":{"x":0.167,"y":0.167},"t":0,"s":[545.562,1398.514,0],"to":[1.167,0,0],"ti":[-1.167,0,0]},{"t":100,"s":[552.562,1398.514,0]}],"ix":2,"l":2},"a":{"a":0,"k":[0,0,0],"ix":1,"l":2},"s":{"a":0,"k":[100,100,100],"ix":6,"l":2}},"ao":0,"shapes":[{"ty":"gr","it":[{"d":1,"ty":"el","s":{"a":0,"k":[6.625,6.606],"ix":2},"p":{"a":0,"k":[0,0],"ix":3},"nm":"椭圆路径 1","mn":"ADBE Vector Shape - Ellipse","hd":false},{"ty":"fl","c":{"a":0,"k":[1,1,1,1],"ix":4},"o":{"a":0,"k":100,"ix":5},"r":1,"bm":0,"nm":"填充 1","mn":"ADBE Vector Graphic - Fill","hd":false},{"ty":"tr","p":{"a":0,"k":[0,0],"ix":2},"a":{"a":0,"k":[0,0],"ix":1},"s":{"a":0,"k":[100,100],"ix":3},"r":{"a":0,"k":0,"ix":6},"o":{"a":0,"k":100,"ix":7},"sk":{"a":0,"k":0,"ix":4},"sa":{"a":0,"k":0,"ix":5},"nm":"变换"}],"nm":"椭圆形","np":2,"cix":2,"bm":0,"ix":1,"mn":"ADBE Vector Group","hd":false}],"ip":0,"op":375,"st":0,"bm":0},{"ddd":0,"ind":3,"ty":4,"nm":"椭圆形","sr":1,"ks":{"o":{"a":0,"k":100,"ix":11},"r":{"a":0,"k":0,"ix":10},"p":{"a":0,"k":[548.875,1401.817,0],"ix":2,"l":2},"a":{"a":0,"k":[0,0,0],"ix":1,"l":2},"s":{"a":0,"k":[100,100,100],"ix":6,"l":2}},"ao":0,"shapes":[{"ty":"gr","it":[{"d":1,"ty":"el","s":{"a":0,"k":[26.5,26.422],"ix":2},"p":{"a":0,"k":[0,0],"ix":3},"nm":"椭圆路径 1","mn":"ADBE Vector Shape - Ellipse","hd":false},{"ty":"st","c":{"a":0,"k":[0.847058832645,0.847058832645,0.854901969433,1],"ix":3},"o":{"a":0,"k":100,"ix":4},"w":{"a":0,"k":3.3,"ix":5},"lc":1,"lj":1,"ml":4,"bm":0,"nm":"描边 1","mn":"ADBE Vector Graphic - Stroke","hd":false},{"ty":"fl","c":{"a":0,"k":[0.125490196078,0.192156862745,0.329411764706,1],"ix":4},"o":{"a":0,"k":100,"ix":5},"r":1,"bm":0,"nm":"填充 1","mn":"ADBE Vector Graphic - Fill","hd":false},{"ty":"tr","p":{"a":0,"k":[0,0],"ix":2},"a":{"a":0,"k":[0,0],"ix":1},"s":{"a":0,"k":[100,100],"ix":3},"r":{"a":0,"k":0,"ix":6},"o":{"a":0,"k":100,"ix":7},"sk":{"a":0,"k":0,"ix":4},"sa":{"a":0,"k":0,"ix":5},"nm":"变换"}],"nm":"椭圆形","np":3,"cix":2,"bm":0,"ix":1,"mn":"ADBE Vector Group","hd":false}],"ip":0,"op":375,"st":0,"bm":0},{"ddd":0,"ind":4,"ty":4,"nm":"矩形备份 2","sr":1,"ks":{"o":{"a":0,"k":100,"ix":11},"r":{"a":0,"k":0,"ix":10},"p":{"a":0,"k":[565.438,1401.817,0],"ix":2,"l":2},"a":{"a":0,"k":[0,0,0],"ix":1,"l":2},"s":{"a":0,"k":[100,100,100],"ix":6,"l":2}},"ao":0,"shapes":[{"ty":"gr","it":[{"ty":"rc","d":1,"s":{"a":0,"k":[72.875,39.633],"ix":2},"p":{"a":0,"k":[0,0],"ix":3},"r":{"a":0,"k":39.633,"ix":4},"nm":"矩形路径 1","mn":"ADBE Vector Shape - Rect","hd":false},{"ty":"fl","c":{"a":0,"k":[0.090196078431,0.133333333333,0.227450980392,1],"ix":4},"o":{"a":0,"k":100,"ix":5},"r":1,"bm":0,"nm":"填充 1","mn":"ADBE Vector Graphic - Fill","hd":false},{"ty":"tr","p":{"a":0,"k":[0,0],"ix":2},"a":{"a":0,"k":[0,0],"ix":1},"s":{"a":0,"k":[100,100],"ix":3},"r":{"a":0,"k":0,"ix":6},"o":{"a":0,"k":100,"ix":7},"sk":{"a":0,"k":0,"ix":4},"sa":{"a":0,"k":0,"ix":5},"nm":"变换"}],"nm":"矩形备份 2","np":2,"cix":2,"bm":0,"ix":1,"mn":"ADBE Vector Group","hd":false}],"ip":0,"op":375,"st":0,"bm":0}]}],"layers":[{"ddd":0,"ind":1,"ty":0,"nm":"m1","refId":"comp_0","sr":1.25,"ks":{"o":{"a":0,"k":90,"ix":11},"r":{"a":0,"k":0,"ix":10},"p":{"a":0,"k":[166.219,175.219,0],"ix":2,"l":2},"a":{"a":0,"k":[573.219,1463.219,0],"ix":1,"l":2},"s":{"a":0,"k":[102,102,100],"ix":6,"l":2}},"ao":0,"hasMask":true,"masksProperties":[{"inv":false,"mode":"a","pt":{"a":0,"k":{"i":[[89.591,0],[0,-89.591],[-89.591,0],[0,89.591]],"o":[[-89.591,0],[0,89.591],[89.591,0],[0,-89.591]],"v":[[573.433,1291.196],[411.214,1453.415],[573.433,1615.634],[735.652,1453.415]],"c":true},"ix":1},"o":{"a":0,"k":100,"ix":3},"x":{"a":0,"k":0,"ix":4},"nm":"蒙版 1"}],"w":1125,"h":2001,"ip":0,"op":468.75,"st":0,"bm":0},{"ddd":0,"ind":2,"ty":4,"nm":"圆背景 2","td":1,"sr":1,"ks":{"o":{"a":0,"k":100,"ix":11},"r":{"a":0,"k":0,"ix":10},"p":{"a":0,"k":[165.43,165,0],"ix":2,"l":2},"a":{"a":0,"k":[0,0,0],"ix":1,"l":2},"s":{"a":0,"k":[100,100,100],"ix":6,"l":2}},"ao":0,"shapes":[{"ty":"gr","it":[{"d":1,"ty":"el","s":{"a":0,"k":[330,330],"ix":2},"p":{"a":0,"k":[0,0],"ix":3},"nm":"椭圆路径 1","mn":"ADBE Vector Shape - Ellipse","hd":false},{"ty":"gf","o":{"a":0,"k":100,"ix":10},"r":1,"bm":0,"g":{"p":2,"k":{"a":0,"k":[0,1,1,1,1,0,0,0],"ix":9}},"s":{"a":0,"k":[0,-165],"ix":5},"e":{"a":0,"k":[0,165],"ix":6},"t":1,"nm":"渐变填充 1","mn":"ADBE Vector Graphic - G-Fill","hd":false},{"ty":"tr","p":{"a":0,"k":[0,0],"ix":2},"a":{"a":0,"k":[0,0],"ix":1},"s":{"a":0,"k":[100,100],"ix":3},"r":{"a":0,"k":0,"ix":6},"o":{"a":0,"k":100,"ix":7},"sk":{"a":0,"k":0,"ix":4},"sa":{"a":0,"k":0,"ix":5},"nm":"变换"}],"nm":"蒙版","np":2,"cix":2,"bm":0,"ix":1,"mn":"ADBE Vector Group","hd":false}],"ip":0,"op":95,"st":0,"bm":0},{"ddd":0,"ind":3,"ty":0,"nm":"猫","tt":1,"refId":"comp_1","sr":1,"ks":{"o":{"a":0,"k":100,"ix":11},"r":{"a":0,"k":0,"ix":10},"p":{"a":1,"k":[{"i":{"x":0.833,"y":0.837},"o":{"x":0.18,"y":0},"t":7,"s":[-38,-286,0],"to":[33.606,0,0],"ti":[-37.394,0,0]},{"t":91,"s":[396,-286,0]}],"ix":2,"l":2},"a":{"a":0,"k":[562.5,1000.5,0],"ix":1,"l":2},"s":{"a":0,"k":[100,100,100],"ix":6,"l":2}},"ao":0,"w":1125,"h":2001,"ip":7,"op":132,"st":7,"bm":0},{"ddd":0,"ind":4,"ty":4,"nm":"head-bg 2","td":1,"sr":1,"ks":{"o":{"a":0,"k":100,"ix":11},"r":{"a":0,"k":0,"ix":10},"p":{"a":1,"k":[{"i":{"x":0.833,"y":0.833},"o":{"x":0.167,"y":0.167},"t":0,"s":[167.384,108.5,0],"to":[0,0.166,0],"ti":[0,-0.457,0]},{"i":{"x":0.833,"y":0.833},"o":{"x":0.167,"y":0.167},"t":42,"s":[168.384,109.619,0],"to":[0,0.461,0],"ti":[0,0,0]},{"i":{"x":0.833,"y":0.833},"o":{"x":0.167,"y":0.167},"t":75,"s":[166.384,110.5,0],"to":[0,0,0],"ti":[0,0.333,0]},{"t":150,"s":[166.384,108.5,0]}],"ix":2,"l":2},"a":{"a":0,"k":[0,0,0],"ix":1,"l":2},"s":{"a":0,"k":[90,100,100],"ix":6,"l":2}},"ao":0,"shapes":[{"ty":"gr","it":[{"ty":"rc","d":1,"s":{"a":0,"k":[141.516,107],"ix":2},"p":{"a":0,"k":[0,0],"ix":3},"r":{"a":0,"k":53.5,"ix":4},"nm":"矩形路径 1","mn":"ADBE Vector Shape - Rect","hd":false},{"ty":"fl","c":{"a":0,"k":[1,1,1,1],"ix":4},"o":{"a":0,"k":100,"ix":5},"r":1,"bm":0,"nm":"填充 1","mn":"ADBE Vector Graphic - Fill","hd":false},{"ty":"tr","p":{"a":0,"k":[0,0],"ix":2},"a":{"a":0,"k":[0,0],"ix":1},"s":{"a":0,"k":[100,100],"ix":3},"r":{"a":0,"k":0,"ix":6},"o":{"a":0,"k":100,"ix":7},"sk":{"a":0,"k":0,"ix":4},"sa":{"a":0,"k":0,"ix":5},"nm":"变换"}],"nm":"蒙版","np":2,"cix":2,"bm":0,"ix":1,"mn":"ADBE Vector Group","hd":false}],"ip":0,"op":95,"st":0,"bm":0},{"ddd":0,"ind":5,"ty":0,"nm":"整-动态","tt":1,"refId":"comp_2","sr":1,"ks":{"o":{"a":0,"k":100,"ix":11},"r":{"a":0,"k":0,"ix":10},"p":{"a":1,"k":[{"i":{"x":0.725,"y":0.764},"o":{"x":0.523,"y":0},"t":0,"s":[171.5,-292.5,0],"to":[0,0.579,0],"ti":[0,-1.514,0]},{"i":{"x":0.533,"y":1},"o":{"x":0.246,"y":0.551},"t":37,"s":[165.5,-288.49,0],"to":[0,1.102,0],"ti":[0,0,0]},{"i":{"x":0.5,"y":1},"o":{"x":0.5,"y":0},"t":63,"s":[165.5,-286.5,0],"to":[0,0,0],"ti":[0,1,0]},{"t":100,"s":[165.5,-292.5,0]}],"ix":2,"l":2},"a":{"a":0,"k":[562.5,1000.5,0],"ix":1,"l":2},"s":{"a":0,"k":[95,100,100],"ix":6,"l":2}},"ao":0,"w":1125,"h":2001,"ip":0,"op":375,"st":0,"bm":0},{"ddd":0,"ind":6,"ty":4,"nm":"head-bg","sr":1,"ks":{"o":{"a":0,"k":100,"ix":11},"r":{"a":0,"k":0,"ix":10},"p":{"a":1,"k":[{"i":{"x":0.833,"y":0.833},"o":{"x":0.167,"y":0.167},"t":0,"s":[166.384,108.5,0],"to":[0,0.333,0],"ti":[0,0,0]},{"i":{"x":0.833,"y":0.833},"o":{"x":0.167,"y":0.167},"t":75,"s":[166.384,110.5,0],"to":[0,0,0],"ti":[0,0.333,0]},{"t":150,"s":[166.384,108.5,0]}],"ix":2,"l":2},"a":{"a":0,"k":[0,0,0],"ix":1,"l":2},"s":{"a":0,"k":[90,100,100],"ix":6,"l":2}},"ao":0,"shapes":[{"ty":"gr","it":[{"ty":"rc","d":1,"s":{"a":0,"k":[141.516,107],"ix":2},"p":{"a":0,"k":[0,0],"ix":3},"r":{"a":0,"k":53.5,"ix":4},"nm":"矩形路径 1","mn":"ADBE Vector Shape - Rect","hd":false},{"ty":"fl","c":{"a":0,"k":[1,1,1,1],"ix":4},"o":{"a":0,"k":100,"ix":5},"r":1,"bm":0,"nm":"填充 1","mn":"ADBE Vector Graphic - Fill","hd":false},{"ty":"tr","p":{"a":0,"k":[0,0],"ix":2},"a":{"a":0,"k":[0,0],"ix":1},"s":{"a":0,"k":[100,100],"ix":3},"r":{"a":0,"k":0,"ix":6},"o":{"a":0,"k":100,"ix":7},"sk":{"a":0,"k":0,"ix":4},"sa":{"a":0,"k":0,"ix":5},"nm":"变换"}],"nm":"蒙版","np":2,"cix":2,"bm":0,"ix":1,"mn":"ADBE Vector Group","hd":false}],"ip":0,"op":95,"st":0,"bm":0},{"ddd":0,"ind":7,"ty":4,"nm":"不动 - 4","sr":1,"ks":{"o":{"a":0,"k":40,"ix":11},"r":{"a":0,"k":0,"ix":10},"p":{"a":0,"k":[166.384,183,0],"ix":2,"l":2},"a":{"a":0,"k":[0,0,0],"ix":1,"l":2},"s":{"a":0,"k":[100,100,100],"ix":6,"l":2}},"ao":0,"shapes":[{"ty":"gr","it":[{"d":1,"ty":"el","s":{"a":0,"k":[24,24],"ix":2},"p":{"a":0,"k":[0,0],"ix":3},"nm":"椭圆路径 1","mn":"ADBE Vector Shape - Ellipse","hd":false},{"ty":"st","c":{"a":0,"k":[0.556862771511,0.57647061348,0.623529434204,1],"ix":3},"o":{"a":0,"k":100,"ix":4},"w":{"a":0,"k":3,"ix":5},"lc":1,"lj":1,"ml":4,"bm":0,"nm":"描边 1","mn":"ADBE Vector Graphic - Stroke","hd":false},{"ty":"tr","p":{"a":0,"k":[0,0],"ix":2},"a":{"a":0,"k":[0,0],"ix":1},"s":{"a":0,"k":[100,100],"ix":3},"r":{"a":0,"k":0,"ix":6},"o":{"a":0,"k":100,"ix":7},"sk":{"a":0,"k":0,"ix":4},"sa":{"a":0,"k":0,"ix":5},"nm":"变换"}],"nm":"椭圆形","np":3,"cix":2,"bm":0,"ix":1,"mn":"ADBE Vector Group","hd":false}],"ip":0,"op":95,"st":0,"bm":0},{"ddd":0,"ind":8,"ty":4,"nm":"body","sr":1,"ks":{"o":{"a":0,"k":100,"ix":11},"r":{"a":0,"k":0,"ix":10},"p":{"a":0,"k":[165.635,-292.5,0],"ix":2,"l":2},"a":{"a":0,"k":[0,0,0],"ix":1,"l":2},"s":{"a":0,"k":[100,100,100],"ix":6,"l":2}},"ao":0,"shapes":[{"ty":"gr","it":[{"ind":0,"ty":"sh","ix":1,"ks":{"a":0,"k":{"i":[[6.723,0],[0,0],[0,-6.723],[0,0],[-6.723,0],[0,0],[0,6.723],[0,0]],"o":[[0,0],[-6.723,0],[0,0],[0,6.723],[0,0],[6.723,0],[0,0],[0,-6.723]],"v":[[29.558,-44.49],[-29.558,-44.49],[-41.732,-32.316],[-54.952,32.316],[-42.779,44.49],[42.779,44.49],[54.952,32.316],[41.732,-32.316]],"c":true},"ix":2},"nm":"路径 1","mn":"ADBE Vector Shape - Group","hd":false},{"ty":"fl","c":{"a":0,"k":[0.966867843329,0.976015098422,0.995695465686,1],"ix":4},"o":{"a":0,"k":100,"ix":5},"r":1,"bm":0,"nm":"填充 1","mn":"ADBE Vector Graphic - Fill","hd":false},{"ty":"tr","p":{"a":0,"k":[0.749,474.49],"ix":2},"a":{"a":0,"k":[0,0],"ix":1},"s":{"a":0,"k":[98.333,98.837],"ix":3},"r":{"a":0,"k":0,"ix":6},"o":{"a":0,"k":100,"ix":7},"sk":{"a":0,"k":0,"ix":4},"sa":{"a":0,"k":0,"ix":5},"nm":"变换"}],"nm":"矩形 1","np":3,"cix":2,"bm":0,"ix":1,"mn":"ADBE Vector Group","hd":false}],"ip":0,"op":95,"st":0,"bm":0},{"ddd":0,"ind":9,"ty":4,"nm":"形状图层 2","sr":1,"ks":{"o":{"a":0,"k":100,"ix":11},"r":{"a":0,"k":0,"ix":10},"p":{"a":0,"k":[164.607,-291.25,0],"ix":2,"l":2},"a":{"a":0,"k":[0,0,0],"ix":1,"l":2},"s":{"a":0,"k":[120,100,100],"ix":6,"l":2}},"ao":0,"shapes":[{"ty":"gr","it":[{"ty":"rc","d":1,"s":{"a":0,"k":[71.554,13.295],"ix":2},"p":{"a":0,"k":[0,0],"ix":3},"r":{"a":0,"k":20,"ix":4},"nm":"矩形路径 1","mn":"ADBE Vector Shape - Rect","hd":false},{"ty":"fl","c":{"a":0,"k":[0.556862771511,0.57647061348,0.623529434204,1],"ix":4},"o":{"a":0,"k":100,"ix":5},"r":1,"bm":0,"nm":"填充 1","mn":"ADBE Vector Graphic - Fill","hd":false},{"ty":"tr","p":{"a":0,"k":[1.777,517.897],"ix":2},"a":{"a":0,"k":[0,0],"ix":1},"s":{"a":0,"k":[100,100],"ix":3},"r":{"a":0,"k":0,"ix":6},"o":{"a":0,"k":100,"ix":7},"sk":{"a":0,"k":0,"ix":4},"sa":{"a":0,"k":0,"ix":5},"nm":"变换"}],"nm":"矩形 1","np":3,"cix":2,"bm":0,"ix":1,"mn":"ADBE Vector Group","hd":false}],"ip":0,"op":95,"st":0,"bm":0},{"ddd":0,"ind":10,"ty":4,"nm":"草","sr":1,"ks":{"o":{"a":0,"k":100,"ix":11},"r":{"a":0,"k":0,"ix":10},"p":{"a":0,"k":[169.868,188.103,0],"ix":2,"l":2},"a":{"a":0,"k":[0,0,0],"ix":1,"l":2},"s":{"a":0,"k":[100,100,100],"ix":6,"l":2}},"ao":0,"shapes":[{"ty":"gr","it":[{"ind":0,"ty":"sh","ix":1,"ks":{"a":0,"k":{"i":[[-1.27,-2.68],[-0.01,-0.98],[0,0],[0,0],[0,0],[-0.14,-1.08],[-0.62,-0.96],[0,0],[0,0],[0.02,-1.6],[0,0],[0,0],[0,0],[0,0],[0,0],[0,0],[0,0],[0,0],[5.93,-5.73],[0.24,-0.76],[0,0],[0.02,-0.08],[0,0],[0,0],[0,0],[0,0],[0,0],[0,0],[0,0],[0,0],[0.6,-0.6],[0,0],[0,0],[0,0],[0,0],[0,0],[0,0],[0,0],[0,0],[0,0],[0,0],[0,0],[0,0],[0,0],[0,0],[0,0],[0,0],[0,0],[0,0],[0,0],[0,0],[0,0],[0,0],[-6.3,7.41],[-0.88,0.53],[0,0],[0,0],[0,0],[-0.32,1.6],[0.47,1.16],[0,0],[0,0],[-0.27,1.74],[-0.8,1.38],[0,0],[0,0],[0,0],[-0.16,0.34],[0,0],[-0.8,0.91],[0,0]],"o":[[0.54,1.14],[0,0],[0,0],[0,0],[0.01,0.76],[0.2,1.57],[0,0],[0,0],[0.62,0.99],[0,0],[0,0],[0,0],[0,0],[0,0],[0,0],[0,0],[0,0],[-0.53,4.6],[-0.29,0.28],[0,0],[-0.03,0.08],[0,0],[0,0],[0,0],[0,0],[0,0],[0,0],[0,0],[0,0],[-0.41,1.44],[0,0],[0,0],[0,0],[0,0],[0,0],[0,0],[0,0],[0,0],[0,0],[0,0],[0,0],[0,0],[0,0],[0,0],[0,0],[0,0],[0,0],[0,0],[0,0],[0,0],[0,0],[0,0],[-0.88,-13.13],[0.59,-0.69],[0,0],[0,0],[0,0],[1.49,-0.9],[0.21,-1.03],[0,0],[0,0],[-0.55,-1.41],[0.36,-2.33],[0,0],[0,0],[0,0],[0.19,-0.33],[0,0],[0.49,-1.09],[0,0],[2.36,-2.51]],"v":[[138.182,-26.781],[138.842,-23.781],[138.842,-23.351],[138.802,-21.921],[138.802,-21.381],[138.992,-18.661],[140.412,-15.071],[140.882,-14.361],[141.132,-13.971],[142.232,-10.321],[142.222,-9.291],[142.202,-8.291],[142.172,-7.331],[142.172,-7.331],[142.132,-6.711],[142.092,-6.101],[142.042,-5.501],[141.982,-4.901],[133.772,9.289],[132.982,10.909],[132.842,11.389],[132.772,11.639],[132.632,12.169],[132.632,12.169],[132.462,12.819],[131.892,15.279],[131.642,16.349],[131.642,16.349],[131.462,17.049],[131.272,17.729],[129.782,20.989],[129.392,21.379],[129.182,21.579],[129.182,21.579],[128.742,21.989],[128.282,22.409],[127.782,22.859],[127.252,23.309],[126.692,23.789],[126.102,24.279],[125.482,24.779],[124.832,25.299],[124.152,25.829],[123.442,26.389],[122.702,26.949],[121.532,27.829],[120.292,28.739],[118.982,29.689],[117.612,30.679],[116.662,31.349],[115.172,32.389],[113.612,33.469],[112.232,32.969],[120.362,2.169],[122.652,0.379],[123.192,0.069],[123.992,-0.401],[124.532,-0.721],[127.672,-4.231],[127.072,-7.491],[126.532,-8.801],[126.312,-9.361],[125.592,-14.061],[127.522,-19.371],[127.822,-19.891],[128.262,-20.631],[128.542,-21.121],[129.072,-22.111],[129.182,-22.371],[131.162,-25.431],[131.462,-25.761]],"c":true},"ix":2},"nm":"路径 1","mn":"ADBE Vector Shape - Group","hd":false},{"ind":1,"ty":"sh","ix":2,"ks":{"a":0,"k":{"i":[[0,0],[0,0],[1.09,-4.92],[0,0],[-2.47,-5.13],[0,0],[0,0],[0,0],[0,0],[0,0],[0,0],[0,0],[0,0],[0.32,3.79],[-1.73,0.05]],"o":[[0,0],[1.67,0.16],[0,0],[-0.71,3.26],[0,0],[0,0],[0,0],[0,0],[0,0],[0,0],[0,0],[0,0],[-3.45,-3.28],[-0.31,-3.73],[0,0]],"v":[[-137.233,-33.471],[-137.133,-33.471],[-133.643,-22.261],[-133.783,-21.701],[-131.143,-9.111],[-131.613,-9.521],[-131.613,-9.521],[-132.083,-9.951],[-133.063,-10.841],[-134.083,-11.771],[-135.143,-12.751],[-136.233,-13.771],[-137.363,-14.841],[-142.213,-24.621],[-137.233,-33.471]],"c":true},"ix":2},"nm":"路径 2","mn":"ADBE Vector Shape - Group","hd":false},{"ty":"mm","mm":2,"nm":"合并路径 1","mn":"ADBE Vector Filter - Merge","hd":false},{"ty":"fl","c":{"a":0,"k":[0.874509811401,0.913725495338,1,1],"ix":4},"o":{"a":0,"k":100,"ix":5},"r":1,"bm":0,"nm":"填充 1","mn":"ADBE Vector Graphic - Fill","hd":false},{"ty":"tr","p":{"a":0,"k":[0,0],"ix":2},"a":{"a":0,"k":[0,0],"ix":1},"s":{"a":0,"k":[100,100],"ix":3},"r":{"a":0,"k":0,"ix":6},"o":{"a":0,"k":100,"ix":7},"sk":{"a":0,"k":0,"ix":4},"sa":{"a":0,"k":0,"ix":5},"nm":"变换"}],"nm":"草","np":4,"cix":2,"bm":0,"ix":1,"mn":"ADBE Vector Group","hd":false}],"ip":0,"op":95,"st":0,"bm":0},{"ddd":0,"ind":11,"ty":4,"nm":"bg 3","td":1,"sr":1,"ks":{"o":{"a":0,"k":100,"ix":11},"r":{"a":0,"k":0,"ix":10},"p":{"a":0,"k":[166.43,165,0],"ix":2,"l":2},"a":{"a":0,"k":[0,0,0],"ix":1,"l":2},"s":{"a":0,"k":[100,100,100],"ix":6,"l":2}},"ao":0,"shapes":[{"ty":"gr","it":[{"d":1,"ty":"el","s":{"a":0,"k":[330,330],"ix":2},"p":{"a":0,"k":[0,0],"ix":3},"nm":"椭圆路径 1","mn":"ADBE Vector Shape - Ellipse","hd":false},{"ty":"fl","c":{"a":0,"k":[0.409705307904,0.538320563821,0.813924632353,1],"ix":4},"o":{"a":0,"k":100,"ix":5},"r":1,"bm":0,"nm":"填充 1","mn":"ADBE Vector Graphic - Fill","hd":false},{"ty":"tr","p":{"a":0,"k":[0,0],"ix":2},"a":{"a":0,"k":[0,0],"ix":1},"s":{"a":0,"k":[100,100],"ix":3},"r":{"a":0,"k":0,"ix":6},"o":{"a":0,"k":100,"ix":7},"sk":{"a":0,"k":0,"ix":4},"sa":{"a":0,"k":0,"ix":5},"nm":"变换"}],"nm":"蒙版","np":2,"cix":2,"bm":0,"ix":1,"mn":"ADBE Vector Group","hd":false}],"ip":0,"op":95,"st":0,"bm":0},{"ddd":0,"ind":12,"ty":4,"nm":"形状图层 3","tt":1,"sr":1,"ks":{"o":{"a":0,"k":100,"ix":11},"r":{"a":0,"k":0,"ix":10},"p":{"a":0,"k":[163.816,174,0],"ix":2,"l":2},"a":{"a":0,"k":[0,0,0],"ix":1,"l":2},"s":{"a":0,"k":[100,114.419,100],"ix":6,"l":2}},"ao":0,"shapes":[{"ty":"gr","it":[{"ind":0,"ty":"sh","ix":1,"ks":{"a":0,"k":{"i":[[95.444,0],[0,-42.355],[-95.444,0],[0,42.355]],"o":[[-95.444,0],[0,42.355],[95.444,0],[0,-42.355]],"v":[[0,-76.691],[-172.949,-8.74],[0,76.691],[172.684,-8.74]],"c":true},"ix":2},"nm":"路径 1","mn":"ADBE Vector Shape - Group","hd":false},{"ty":"fl","c":{"a":0,"k":[0.898652140299,0.919144394818,0.962178308824,1],"ix":4},"o":{"a":0,"k":100,"ix":5},"r":1,"bm":0,"nm":"填充 1","mn":"ADBE Vector Graphic - Fill","hd":false},{"ty":"tr","p":{"a":0,"k":[1.316,96.691],"ix":2},"a":{"a":0,"k":[0,0],"ix":1},"s":{"a":0,"k":[100,100],"ix":3},"r":{"a":0,"k":0,"ix":6},"o":{"a":0,"k":100,"ix":7},"sk":{"a":0,"k":0,"ix":4},"sa":{"a":0,"k":0,"ix":5},"nm":"变换"}],"nm":"椭圆 1","np":3,"cix":2,"bm":0,"ix":1,"mn":"ADBE Vector Group","hd":false}],"ip":0,"op":95,"st":0,"bm":0},{"ddd":0,"ind":13,"ty":4,"nm":"点缀","sr":1,"ks":{"o":{"a":0,"k":100,"ix":11},"r":{"a":0,"k":0,"ix":10},"p":{"a":0,"k":[166.568,114,0],"ix":2,"l":2},"a":{"a":0,"k":[0,0,0],"ix":1,"l":2},"s":{"a":0,"k":[100,100,100],"ix":6,"l":2}},"ao":0,"shapes":[{"ty":"gr","it":[{"ind":0,"ty":"sh","ix":1,"ks":{"a":0,"k":{"i":[[-3.31,0],[0,-3.31],[3.31,0],[0,3.31]],"o":[[3.31,0],[0,3.31],[-3.31,0],[0,-3.31]],"v":[[85.5,36],[91.5,42],[85.5,48],[79.5,42]],"c":true},"ix":2},"nm":"路径 1","mn":"ADBE Vector Shape - Group","hd":false},{"ind":1,"ty":"sh","ix":2,"ks":{"a":0,"k":{"i":[[-2.49,0],[0,-2.49],[2.49,0],[0,2.49]],"o":[[2.49,0],[0,2.49],[-2.49,0],[0,-2.49]],"v":[[-87,-48],[-82.5,-43.5],[-87,-39],[-91.5,-43.5]],"c":true},"ix":2},"nm":"路径 2","mn":"ADBE Vector Shape - Group","hd":false},{"ty":"mm","mm":1,"nm":"合并路径 1","mn":"ADBE Vector Filter - Merge","hd":false},{"ty":"fl","c":{"a":0,"k":[0.882353007793,0.92156869173,1,1],"ix":4},"o":{"a":0,"k":100,"ix":5},"r":1,"bm":0,"nm":"填充 1","mn":"ADBE Vector Graphic - Fill","hd":false},{"ty":"tr","p":{"a":0,"k":[0,0],"ix":2},"a":{"a":0,"k":[0,0],"ix":1},"s":{"a":0,"k":[100,100],"ix":3},"r":{"a":0,"k":0,"ix":6},"o":{"a":0,"k":100,"ix":7},"sk":{"a":0,"k":0,"ix":4},"sa":{"a":0,"k":0,"ix":5},"nm":"变换"}],"nm":"点缀","np":4,"cix":2,"bm":0,"ix":1,"mn":"ADBE Vector Group","hd":false}],"ip":0,"op":95,"st":0,"bm":0},{"ddd":0,"ind":14,"ty":4,"nm":"bg","sr":1,"ks":{"o":{"a":0,"k":10,"ix":11},"r":{"a":0,"k":0,"ix":10},"p":{"a":0,"k":[165.43,165,0],"ix":2,"l":2},"a":{"a":0,"k":[0,0,0],"ix":1,"l":2},"s":{"a":0,"k":[100,100,100],"ix":6,"l":2}},"ao":0,"shapes":[{"ty":"gr","it":[{"d":1,"ty":"el","s":{"a":0,"k":[330,330],"ix":2},"p":{"a":0,"k":[0,0],"ix":3},"nm":"椭圆路径 1","mn":"ADBE Vector Shape - Ellipse","hd":false},{"ty":"fl","c":{"a":0,"k":[0.409705307904,0.538320563821,0.813924632353,1],"ix":4},"o":{"a":0,"k":100,"ix":5},"r":1,"bm":0,"nm":"填充 1","mn":"ADBE Vector Graphic - Fill","hd":false},{"ty":"tr","p":{"a":0,"k":[0,0],"ix":2},"a":{"a":0,"k":[0,0],"ix":1},"s":{"a":0,"k":[100,100],"ix":3},"r":{"a":0,"k":0,"ix":6},"o":{"a":0,"k":100,"ix":7},"sk":{"a":0,"k":0,"ix":4},"sa":{"a":0,"k":0,"ix":5},"nm":"变换"}],"nm":"蒙版","np":2,"cix":2,"bm":0,"ix":1,"mn":"ADBE Vector Group","hd":false}],"ip":0,"op":95,"st":0,"bm":0}],"markers":[{"tm":40,"cm":"8","dr":0}]}