{"v":"5.7.12","fr":25,"ip":0,"op":175,"w":331,"h":330,"nm":"巡航-lottie","ddd":0,"assets":[{"id":"comp_0","nm":"巡航-专属光","layers":[{"ddd":0,"ind":1,"ty":4,"nm":"m1-1","sr":1,"ks":{"o":{"a":0,"k":5,"ix":11},"r":{"a":0,"k":0,"ix":10},"p":{"a":0,"k":[476.65,403.774,0],"ix":2,"l":2},"a":{"a":0,"k":[0,0,0],"ix":1,"l":2},"s":{"a":0,"k":[100,100,100],"ix":6,"l":2}},"ao":0,"shapes":[{"ty":"gr","it":[{"ind":0,"ty":"sh","ix":1,"ks":{"a":1,"k":[{"i":{"x":0.5,"y":1},"o":{"x":0.5,"y":0},"t":11,"s":[{"i":[[0,0],[0,0],[0,0],[0,-0.47],[173.97,0],[0,14.08],[-0.31,0.53],[0,0],[0,0]],"o":[[0,0],[0,0],[0.31,0.53],[0,14.08],[-173.97,0],[0,-0.47],[0,0],[0,0],[0,0]],"v":[[49.5,-208.5],[-165,122],[-165.47,122],[-165,123.5],[-480,209],[-795,123.5],[-794.53,122],[-795,122],[-43.5,-208.5]],"c":true}]},{"i":{"x":0.5,"y":1},"o":{"x":0.5,"y":0},"t":41,"s":[{"i":[[0,0],[0,0],[0,0],[0,-0.47],[173.97,0],[0,14.08],[-0.31,0.53],[0,0],[0,0]],"o":[[0,0],[0,0],[0.31,0.53],[0,14.08],[-173.97,0],[0,-0.47],[0,0],[0,0],[0,0]],"v":[[65.5,-208.5],[315,121.5],[314.53,121.5],[315,123],[0,208.5],[-315,123],[-314.53,121.5],[-315,121.5],[-19.5,-208.5]],"c":true}]},{"i":{"x":0.5,"y":1},"o":{"x":0.167,"y":0},"t":92,"s":[{"i":[[0,0],[0,0],[0,0],[0,-0.47],[173.97,0],[0,14.08],[-0.31,0.53],[0,0],[0,0]],"o":[[0,0],[0,0],[0.31,0.53],[0,14.08],[-173.97,0],[0,-0.47],[0,0],[0,0],[0,0]],"v":[[81.5,-208.5],[833,122],[832.53,122],[833,123.5],[518,209],[203,123.5],[203.47,122],[203,122],[-3.5,-208.5]],"c":true}]},{"i":{"x":0.833,"y":1},"o":{"x":0.5,"y":0},"t":136,"s":[{"i":[[0,0],[0,0],[0,0],[0,-0.47],[173.97,0],[0,14.08],[-0.31,0.53],[0,0],[0,0]],"o":[[0,0],[0,0],[0.31,0.53],[0,14.08],[-173.97,0],[0,-0.47],[0,0],[0,0],[0,0]],"v":[[65.5,-208.5],[315,121.5],[314.53,121.5],[315,123],[0,208.5],[-315,123],[-314.53,121.5],[-315,121.5],[-19.5,-208.5]],"c":true}]},{"t":174,"s":[{"i":[[0,0],[0,0],[0,0],[0,-0.47],[173.97,0],[0,14.08],[-0.31,0.53],[0,0],[0,0]],"o":[[0,0],[0,0],[0.31,0.53],[0,14.08],[-173.97,0],[0,-0.47],[0,0],[0,0],[0,0]],"v":[[49.5,-208.5],[-165,122],[-165.47,122],[-165,123.5],[-480,209],[-795,123.5],[-794.53,122],[-795,122],[-43.5,-208.5]],"c":true}]}],"ix":2},"nm":"路径 1","mn":"ADBE Vector Shape - Group","hd":false},{"ty":"fl","c":{"a":0,"k":[0.298039215686,0.545098039216,0.894117647059,1],"ix":4},"o":{"a":0,"k":100,"ix":5},"r":1,"bm":0,"nm":"填充 1","mn":"ADBE Vector Graphic - Fill","hd":false},{"ty":"tr","p":{"a":0,"k":[0,0],"ix":2},"a":{"a":0,"k":[0,0],"ix":1},"s":{"a":0,"k":[100,100],"ix":3},"r":{"a":0,"k":0,"ix":6},"o":{"a":0,"k":100,"ix":7},"sk":{"a":0,"k":0,"ix":4},"sa":{"a":0,"k":0,"ix":5},"nm":"变换"}],"nm":"路径","np":2,"cix":2,"bm":0,"ix":1,"mn":"ADBE Vector Group","hd":false}],"ip":0,"op":375,"st":0,"bm":0}]},{"id":"comp_1","nm":"3","layers":[{"ddd":0,"ind":1,"ty":4,"nm":"3","sr":1,"ks":{"o":{"a":0,"k":100,"ix":11},"r":{"a":0,"k":0,"ix":10},"p":{"a":0,"k":[49.5,49.5,0],"ix":2,"l":2},"a":{"a":0,"k":[658.5,1494.999,0],"ix":1,"l":2},"s":{"a":0,"k":[100,100,100],"ix":6,"l":2}},"ao":0,"shapes":[{"ty":"gr","it":[{"ty":"gr","it":[{"ind":0,"ty":"sh","ix":1,"ks":{"a":0,"k":{"i":[[-2.56,0],[-1.73,1.33],[0,2.37],[1.04,1.08],[1.74,0.19],[0,0],[0,0],[0,3.27],[1.47,1.09],[2.36,0],[1.72,-0.89],[0,0],[0,0],[-1.68,0],[0,-2.13],[3.35,0],[0,0],[0,0],[0,0],[0,0],[-0.98,-0.63],[0,-1.18],[0.83,-0.62],[1.41,0],[1.67,1.24],[0,0],[0,0]],"o":[[2.89,0],[1.74,-1.34],[0,-1.55],[-1.04,-1.08],[0,0],[0,0],[3.3,-0.84],[0,-1.93],[-1.47,-1.09],[-2.33,0],[0,0],[0,0],[1.58,-1.1],[2.56,0],[0,2.25],[0,0],[0,0],[0,0],[0,0],[1.77,0],[0.98,0.62],[0,1.15],[-0.82,0.63],[-2.22,0],[0,0],[0,0],[1.57,0.85]],"v":[[-1.671,12.903],[5.269,10.913],[7.869,5.353],[6.309,1.413],[2.139,-0.497],[2.139,-0.497],[2.139,-0.577],[7.099,-6.737],[4.889,-11.267],[-0.861,-12.907],[-6.941,-11.567],[-6.941,-11.567],[-6.941,-7.267],[-2.051,-8.907],[1.799,-5.717],[-3.231,-2.337],[-3.231,-2.337],[-5.281,-2.337],[-5.281,1.673],[-3.051,1.673],[1.079,2.613],[2.559,5.313],[1.309,7.973],[-2.041,8.913],[-7.871,7.043],[-7.871,7.043],[-7.871,11.633]],"c":true},"ix":2},"nm":"路径 1","mn":"ADBE Vector Shape - Group","hd":false},{"ty":"fl","c":{"a":0,"k":[0.43137255311,0.607843160629,0.980392158031,1],"ix":4},"o":{"a":0,"k":100,"ix":5},"r":1,"bm":0,"nm":"填充 1","mn":"ADBE Vector Graphic - Fill","hd":false},{"ty":"tr","p":{"a":0,"k":[0,0],"ix":2},"a":{"a":0,"k":[0,0],"ix":1},"s":{"a":0,"k":[100,100],"ix":3},"r":{"a":0,"k":0,"ix":6},"o":{"a":0,"k":100,"ix":7},"sk":{"a":0,"k":0,"ix":4},"sa":{"a":0,"k":0,"ix":5},"nm":"变换"}],"nm":"3","np":2,"cix":2,"bm":0,"ix":1,"mn":"ADBE Vector Group","hd":false},{"ty":"tr","p":{"a":0,"k":[658.871,1477.907],"ix":2},"a":{"a":0,"k":[0,0],"ix":1},"s":{"a":0,"k":[100,100],"ix":3},"r":{"a":0,"k":0,"ix":6},"o":{"a":0,"k":100,"ix":7},"sk":{"a":0,"k":0,"ix":4},"sa":{"a":0,"k":0,"ix":5},"nm":"变换"}],"nm":"3","np":1,"cix":2,"bm":0,"ix":1,"mn":"ADBE Vector Group","hd":false},{"ty":"gr","it":[{"ty":"gr","it":[{"ty":"gr","it":[{"ind":0,"ty":"sh","ix":1,"ks":{"a":0,"k":{"i":[[-17.4,0],[0,-16.87],[17.4,0],[0,16.87]],"o":[[17.4,0],[0,16.87],[-17.4,0],[0,-16.87]],"v":[[0,-30.545],[31.5,0.005],[0,30.545],[-31.5,0.005]],"c":true},"ix":2},"nm":"路径 1","mn":"ADBE Vector Shape - Group","hd":false},{"ind":1,"ty":"sh","ix":2,"ks":{"a":0,"k":{"i":[[12.43,0],[0,-12.05],[-12.43,0],[0,12.05]],"o":[[-12.43,0],[0,12.05],[12.43,0],[0,-12.05]],"v":[[0,-21.818],[-22.5,0.002],[0,21.822],[22.5,0.002]],"c":true},"ix":2},"nm":"路径 2","mn":"ADBE Vector Shape - Group","hd":false},{"ty":"mm","mm":1,"nm":"合并路径 1","mn":"ADBE Vector Filter - Merge","hd":false},{"ty":"tr","p":{"a":0,"k":[0,-17.455],"ix":2},"a":{"a":0,"k":[0,0],"ix":1},"s":{"a":0,"k":[100,100],"ix":3},"r":{"a":0,"k":0,"ix":6},"o":{"a":0,"k":100,"ix":7},"sk":{"a":0,"k":0,"ix":4},"sa":{"a":0,"k":0,"ix":5},"nm":"变换"}],"nm":"椭圆形","np":3,"cix":2,"bm":0,"ix":1,"mn":"ADBE Vector Group","hd":false},{"ind":1,"ty":"sh","ix":2,"ks":{"a":0,"k":{"i":[[0,0],[0,0],[-6.09,0],[-5.08,2.22]],"o":[[0,0],[5.18,2.33],[5.93,0],[0,0]],"v":[[-0.003,47.999],[-16.883,17.989],[0.147,21.619],[16.787,18.159]],"c":true},"ix":2},"nm":"路径 1","mn":"ADBE Vector Shape - Group","hd":false},{"ty":"mm","mm":1,"nm":"合并路径 1","mn":"ADBE Vector Filter - Merge","hd":false},{"ty":"fl","c":{"a":0,"k":[0.43137255311,0.607843160629,0.980392158031,1],"ix":4},"o":{"a":0,"k":100,"ix":5},"r":1,"bm":0,"nm":"填充 1","mn":"ADBE Vector Graphic - Fill","hd":false},{"ty":"tr","p":{"a":0,"k":[0,0],"ix":2},"a":{"a":0,"k":[0,0],"ix":1},"s":{"a":0,"k":[100,100],"ix":3},"r":{"a":0,"k":0,"ix":6},"o":{"a":0,"k":100,"ix":7},"sk":{"a":0,"k":0,"ix":4},"sa":{"a":0,"k":0,"ix":5},"nm":"变换"}],"nm":"形状结合","np":4,"cix":2,"bm":0,"ix":1,"mn":"ADBE Vector Group","hd":false},{"ty":"tr","p":{"a":0,"k":[658.5,1495],"ix":2},"a":{"a":0,"k":[0,0],"ix":1},"s":{"a":0,"k":[100,100],"ix":3},"r":{"a":0,"k":0,"ix":6},"o":{"a":0,"k":100,"ix":7},"sk":{"a":0,"k":0,"ix":4},"sa":{"a":0,"k":0,"ix":5},"nm":"变换"}],"nm":"形状结合","np":1,"cix":2,"bm":0,"ix":2,"mn":"ADBE Vector Group","hd":false},{"ty":"gr","it":[{"ty":"gr","it":[{"d":1,"ty":"el","s":{"a":0,"k":[57,57],"ix":2},"p":{"a":0,"k":[0,0],"ix":3},"nm":"椭圆路径 1","mn":"ADBE Vector Shape - Ellipse","hd":false},{"ty":"fl","c":{"a":0,"k":[0.933333337307,0.956862747669,1,1],"ix":4},"o":{"a":0,"k":100,"ix":5},"r":1,"bm":0,"nm":"填充 1","mn":"ADBE Vector Graphic - Fill","hd":false},{"ty":"tr","p":{"a":0,"k":[0,0],"ix":2},"a":{"a":0,"k":[0,0],"ix":1},"s":{"a":0,"k":[100,100],"ix":3},"r":{"a":0,"k":0,"ix":6},"o":{"a":0,"k":100,"ix":7},"sk":{"a":0,"k":0,"ix":4},"sa":{"a":0,"k":0,"ix":5},"nm":"变换"}],"nm":"椭圆形备份 4","np":2,"cix":2,"bm":0,"ix":1,"mn":"ADBE Vector Group","hd":false},{"ty":"tr","p":{"a":0,"k":[655.5,1477.132],"ix":2},"a":{"a":0,"k":[0,0],"ix":1},"s":{"a":0,"k":[100,100],"ix":3},"r":{"a":0,"k":0,"ix":6},"o":{"a":0,"k":100,"ix":7},"sk":{"a":0,"k":0,"ix":4},"sa":{"a":0,"k":0,"ix":5},"nm":"变换"}],"nm":"椭圆形备份 4","np":1,"cix":2,"bm":0,"ix":3,"mn":"ADBE Vector Group","hd":false}],"ip":0,"op":375,"st":0,"bm":0}]},{"id":"comp_2","nm":"2","layers":[{"ddd":0,"ind":1,"ty":4,"nm":"2","sr":1,"ks":{"o":{"a":0,"k":100,"ix":11},"r":{"a":0,"k":0,"ix":10},"p":{"a":0,"k":[49.5,49.5,0],"ix":2,"l":2},"a":{"a":0,"k":[562.5,1546.815,0],"ix":1,"l":2},"s":{"a":0,"k":[100,100,100],"ix":6,"l":2}},"ao":0,"shapes":[{"ty":"gr","it":[{"ty":"gr","it":[{"ind":0,"ty":"sh","ix":1,"ks":{"a":0,"k":{"i":[[0,0],[0,0],[0,0],[-0.58,0.65],[-1.69,1.2],[-0.8,0.88],[-0.42,1],[0,1.25],[1.45,1.27],[2.49,0],[2.18,-1.41],[0,0],[0,0],[-2.15,0],[0,-2.24],[0.65,-0.93],[1.61,-1.21],[0.84,-0.93],[0.48,-1.07],[0,-1.3],[0,0],[0,0]],"o":[[0,0],[0,0],[0,-0.48],[0.58,-0.66],[1.75,-1.24],[0.79,-0.88],[0.42,-1.01],[0,-2.23],[-1.45,-1.27],[-2.72,0],[0,0],[0,0],[1.96,-1.72],[2.45,0],[0,1.04],[-0.64,0.93],[-1.76,1.24],[-0.84,0.93],[-0.48,1.08],[0,0],[0,0],[0,0]],"v":[[8.302,12.691],[8.302,8.351],[-2.288,8.351],[-1.418,6.651],[1.982,3.861],[5.802,0.681],[7.622,-2.139],[8.252,-5.519],[6.072,-10.779],[0.162,-12.689],[-7.188,-10.579],[-7.188,-10.579],[-7.188,-5.939],[-1.028,-8.519],[2.642,-5.149],[1.672,-2.189],[-1.708,1.011],[-5.608,4.271],[-7.578,7.271],[-8.298,10.841],[-8.298,10.841],[-8.298,12.691]],"c":true},"ix":2},"nm":"路径 1","mn":"ADBE Vector Shape - Group","hd":false},{"ty":"fl","c":{"a":0,"k":[0.43137255311,0.607843160629,0.980392158031,1],"ix":4},"o":{"a":0,"k":100,"ix":5},"r":1,"bm":0,"nm":"填充 1","mn":"ADBE Vector Graphic - Fill","hd":false},{"ty":"tr","p":{"a":0,"k":[0,0],"ix":2},"a":{"a":0,"k":[0,0],"ix":1},"s":{"a":0,"k":[100,100],"ix":3},"r":{"a":0,"k":0,"ix":6},"o":{"a":0,"k":100,"ix":7},"sk":{"a":0,"k":0,"ix":4},"sa":{"a":0,"k":0,"ix":5},"nm":"变换"}],"nm":"2","np":2,"cix":2,"bm":0,"ix":1,"mn":"ADBE Vector Group","hd":false},{"ty":"tr","p":{"a":0,"k":[562.298,1529.689],"ix":2},"a":{"a":0,"k":[0,0],"ix":1},"s":{"a":0,"k":[100,100],"ix":3},"r":{"a":0,"k":0,"ix":6},"o":{"a":0,"k":100,"ix":7},"sk":{"a":0,"k":0,"ix":4},"sa":{"a":0,"k":0,"ix":5},"nm":"变换"}],"nm":"2","np":1,"cix":2,"bm":0,"ix":1,"mn":"ADBE Vector Group","hd":false},{"ty":"gr","it":[{"ty":"gr","it":[{"ty":"gr","it":[{"ind":0,"ty":"sh","ix":1,"ks":{"a":0,"k":{"i":[[-17.4,0],[0,-16.87],[17.4,0],[0,16.87]],"o":[[17.4,0],[0,16.87],[-17.4,0],[0,-16.87]],"v":[[0,-30.545],[31.5,0.005],[0,30.545],[-31.5,0.005]],"c":true},"ix":2},"nm":"路径 1","mn":"ADBE Vector Shape - Group","hd":false},{"ind":1,"ty":"sh","ix":2,"ks":{"a":0,"k":{"i":[[12.43,0],[0,-12.05],[-12.43,0],[0,12.05]],"o":[[-12.43,0],[0,12.05],[12.43,0],[0,-12.05]],"v":[[0,-21.818],[-22.5,0.002],[0,21.822],[22.5,0.002]],"c":true},"ix":2},"nm":"路径 2","mn":"ADBE Vector Shape - Group","hd":false},{"ty":"mm","mm":1,"nm":"合并路径 1","mn":"ADBE Vector Filter - Merge","hd":false},{"ty":"tr","p":{"a":0,"k":[0,-17.455],"ix":2},"a":{"a":0,"k":[0,0],"ix":1},"s":{"a":0,"k":[100,100],"ix":3},"r":{"a":0,"k":0,"ix":6},"o":{"a":0,"k":100,"ix":7},"sk":{"a":0,"k":0,"ix":4},"sa":{"a":0,"k":0,"ix":5},"nm":"变换"}],"nm":"椭圆形","np":3,"cix":2,"bm":0,"ix":1,"mn":"ADBE Vector Group","hd":false},{"ind":1,"ty":"sh","ix":2,"ks":{"a":0,"k":{"i":[[0,0],[0,0],[-6.09,0],[-5.08,2.22]],"o":[[0,0],[5.18,2.33],[5.93,0],[0,0]],"v":[[-0.003,47.999],[-16.883,17.989],[0.147,21.619],[16.787,18.159]],"c":true},"ix":2},"nm":"路径 1","mn":"ADBE Vector Shape - Group","hd":false},{"ty":"mm","mm":1,"nm":"合并路径 1","mn":"ADBE Vector Filter - Merge","hd":false},{"ty":"fl","c":{"a":0,"k":[0.43137255311,0.607843160629,0.980392158031,1],"ix":4},"o":{"a":0,"k":100,"ix":5},"r":1,"bm":0,"nm":"填充 1","mn":"ADBE Vector Graphic - Fill","hd":false},{"ty":"tr","p":{"a":0,"k":[0,0],"ix":2},"a":{"a":0,"k":[0,0],"ix":1},"s":{"a":0,"k":[100,100],"ix":3},"r":{"a":0,"k":0,"ix":6},"o":{"a":0,"k":100,"ix":7},"sk":{"a":0,"k":0,"ix":4},"sa":{"a":0,"k":0,"ix":5},"nm":"变换"}],"nm":"形状结合","np":4,"cix":2,"bm":0,"ix":1,"mn":"ADBE Vector Group","hd":false},{"ty":"tr","p":{"a":0,"k":[562.5,1547],"ix":2},"a":{"a":0,"k":[0,0],"ix":1},"s":{"a":0,"k":[100,100],"ix":3},"r":{"a":0,"k":0,"ix":6},"o":{"a":0,"k":100,"ix":7},"sk":{"a":0,"k":0,"ix":4},"sa":{"a":0,"k":0,"ix":5},"nm":"变换"}],"nm":"形状结合","np":1,"cix":2,"bm":0,"ix":2,"mn":"ADBE Vector Group","hd":false},{"ty":"gr","it":[{"ty":"gr","it":[{"d":1,"ty":"el","s":{"a":0,"k":[57,57],"ix":2},"p":{"a":0,"k":[0,0],"ix":3},"nm":"椭圆路径 1","mn":"ADBE Vector Shape - Ellipse","hd":false},{"ty":"fl","c":{"a":0,"k":[0.933333337307,0.956862747669,1,1],"ix":4},"o":{"a":0,"k":100,"ix":5},"r":1,"bm":0,"nm":"填充 1","mn":"ADBE Vector Graphic - Fill","hd":false},{"ty":"tr","p":{"a":0,"k":[0,0],"ix":2},"a":{"a":0,"k":[0,0],"ix":1},"s":{"a":0,"k":[100,100],"ix":3},"r":{"a":0,"k":0,"ix":6},"o":{"a":0,"k":100,"ix":7},"sk":{"a":0,"k":0,"ix":4},"sa":{"a":0,"k":0,"ix":5},"nm":"变换"}],"nm":"椭圆形备份","np":2,"cix":2,"bm":0,"ix":1,"mn":"ADBE Vector Group","hd":false},{"ty":"tr","p":{"a":0,"k":[562.5,1527.132],"ix":2},"a":{"a":0,"k":[0,0],"ix":1},"s":{"a":0,"k":[100,100],"ix":3},"r":{"a":0,"k":0,"ix":6},"o":{"a":0,"k":100,"ix":7},"sk":{"a":0,"k":0,"ix":4},"sa":{"a":0,"k":0,"ix":5},"nm":"变换"}],"nm":"椭圆形备份","np":1,"cix":2,"bm":0,"ix":3,"mn":"ADBE Vector Group","hd":false}],"ip":0,"op":375,"st":0,"bm":0}]},{"id":"comp_3","nm":"1","layers":[{"ddd":0,"ind":1,"ty":4,"nm":"1","sr":1,"ks":{"o":{"a":0,"k":100,"ix":11},"r":{"a":0,"k":0,"ix":10},"p":{"a":0,"k":[49.5,49.5,0],"ix":2,"l":2},"a":{"a":0,"k":[466.5,1494.999,0],"ix":1,"l":2},"s":{"a":0,"k":[100,100,100],"ix":6,"l":2}},"ao":0,"shapes":[{"ty":"gr","it":[{"ty":"gr","it":[{"ty":"gr","it":[{"ind":0,"ty":"sh","ix":1,"ks":{"a":0,"k":{"i":[[-17.4,0],[0,-16.87],[17.4,0],[0,16.87]],"o":[[17.4,0],[0,16.87],[-17.4,0],[0,-16.87]],"v":[[0,-30.545],[31.5,0.005],[0,30.545],[-31.5,0.005]],"c":true},"ix":2},"nm":"路径 1","mn":"ADBE Vector Shape - Group","hd":false},{"ind":1,"ty":"sh","ix":2,"ks":{"a":0,"k":{"i":[[12.43,0],[0,-12.05],[-12.43,0],[0,12.05]],"o":[[-12.43,0],[0,12.05],[12.43,0],[0,-12.05]],"v":[[0,-21.818],[-22.5,0.002],[0,21.822],[22.5,0.002]],"c":true},"ix":2},"nm":"路径 2","mn":"ADBE Vector Shape - Group","hd":false},{"ty":"mm","mm":1,"nm":"合并路径 1","mn":"ADBE Vector Filter - Merge","hd":false},{"ty":"tr","p":{"a":0,"k":[0,-17.455],"ix":2},"a":{"a":0,"k":[0,0],"ix":1},"s":{"a":0,"k":[100,100],"ix":3},"r":{"a":0,"k":0,"ix":6},"o":{"a":0,"k":100,"ix":7},"sk":{"a":0,"k":0,"ix":4},"sa":{"a":0,"k":0,"ix":5},"nm":"变换"}],"nm":"椭圆形","np":3,"cix":2,"bm":0,"ix":1,"mn":"ADBE Vector Group","hd":false},{"ind":1,"ty":"sh","ix":2,"ks":{"a":0,"k":{"i":[[0,0],[0,0],[-6.09,0],[-5.08,2.22]],"o":[[0,0],[5.18,2.33],[5.93,0],[0,0]],"v":[[-0.003,47.999],[-16.883,17.989],[0.147,21.619],[16.787,18.159]],"c":true},"ix":2},"nm":"路径 1","mn":"ADBE Vector Shape - Group","hd":false},{"ty":"mm","mm":1,"nm":"合并路径 1","mn":"ADBE Vector Filter - Merge","hd":false},{"ty":"fl","c":{"a":0,"k":[0.43137255311,0.607843160629,0.980392158031,1],"ix":4},"o":{"a":0,"k":100,"ix":5},"r":1,"bm":0,"nm":"填充 1","mn":"ADBE Vector Graphic - Fill","hd":false},{"ty":"tr","p":{"a":0,"k":[0,0],"ix":2},"a":{"a":0,"k":[0,0],"ix":1},"s":{"a":0,"k":[100,100],"ix":3},"r":{"a":0,"k":0,"ix":6},"o":{"a":0,"k":100,"ix":7},"sk":{"a":0,"k":0,"ix":4},"sa":{"a":0,"k":0,"ix":5},"nm":"变换"}],"nm":"形状结合","np":4,"cix":2,"bm":0,"ix":1,"mn":"ADBE Vector Group","hd":false},{"ty":"tr","p":{"a":0,"k":[466.5,1495],"ix":2},"a":{"a":0,"k":[0,0],"ix":1},"s":{"a":0,"k":[100,100],"ix":3},"r":{"a":0,"k":0,"ix":6},"o":{"a":0,"k":100,"ix":7},"sk":{"a":0,"k":0,"ix":4},"sa":{"a":0,"k":0,"ix":5},"nm":"变换"}],"nm":"形状结合","np":1,"cix":2,"bm":0,"ix":1,"mn":"ADBE Vector Group","hd":false},{"ty":"gr","it":[{"ty":"gr","it":[{"ind":0,"ty":"sh","ix":1,"ks":{"a":0,"k":{"i":[[0,0],[0,0],[0,0],[2.94,-0.86],[0,0],[0,0],[-1.12,0.45],[-0.64,0.55],[0,0],[0,0]],"o":[[0,0],[0,0],[-2.15,1.63],[0,0],[0,0],[0.93,-0.11],[1.11,-0.44],[0,0],[0,0],[0,0]],"v":[[5.481,12.756],[5.481,-12.754],[2.161,-12.754],[-5.479,-9.014],[-5.479,-9.014],[-5.479,-4.554],[-2.399,-5.384],[0.241,-6.884],[0.241,-6.884],[0.241,12.756]],"c":true},"ix":2},"nm":"路径 1","mn":"ADBE Vector Shape - Group","hd":false},{"ty":"fl","c":{"a":0,"k":[0.43137255311,0.607843160629,0.980392158031,1],"ix":4},"o":{"a":0,"k":100,"ix":5},"r":1,"bm":0,"nm":"填充 1","mn":"ADBE Vector Graphic - Fill","hd":false},{"ty":"tr","p":{"a":0,"k":[0,0],"ix":2},"a":{"a":0,"k":[0,0],"ix":1},"s":{"a":0,"k":[100,100],"ix":3},"r":{"a":0,"k":0,"ix":6},"o":{"a":0,"k":100,"ix":7},"sk":{"a":0,"k":0,"ix":4},"sa":{"a":0,"k":0,"ix":5},"nm":"变换"}],"nm":"1","np":2,"cix":2,"bm":0,"ix":1,"mn":"ADBE Vector Group","hd":false},{"ty":"tr","p":{"a":0,"k":[464.524,1477.246],"ix":2},"a":{"a":0,"k":[0,0],"ix":1},"s":{"a":0,"k":[100,100],"ix":3},"r":{"a":0,"k":0,"ix":6},"o":{"a":0,"k":100,"ix":7},"sk":{"a":0,"k":0,"ix":4},"sa":{"a":0,"k":0,"ix":5},"nm":"变换"}],"nm":"1","np":1,"cix":2,"bm":0,"ix":2,"mn":"ADBE Vector Group","hd":false},{"ty":"gr","it":[{"ty":"gr","it":[{"d":1,"ty":"el","s":{"a":0,"k":[57,57],"ix":2},"p":{"a":0,"k":[0,0],"ix":3},"nm":"椭圆路径 1","mn":"ADBE Vector Shape - Ellipse","hd":false},{"ty":"fl","c":{"a":0,"k":[0.933333337307,0.956862747669,1,1],"ix":4},"o":{"a":0,"k":100,"ix":5},"r":1,"bm":0,"nm":"填充 1","mn":"ADBE Vector Graphic - Fill","hd":false},{"ty":"tr","p":{"a":0,"k":[0,0],"ix":2},"a":{"a":0,"k":[0,0],"ix":1},"s":{"a":0,"k":[100,100],"ix":3},"r":{"a":0,"k":0,"ix":6},"o":{"a":0,"k":100,"ix":7},"sk":{"a":0,"k":0,"ix":4},"sa":{"a":0,"k":0,"ix":5},"nm":"变换"}],"nm":"椭圆形","np":2,"cix":2,"bm":0,"ix":1,"mn":"ADBE Vector Group","hd":false},{"ty":"tr","p":{"a":0,"k":[465.5,1477.132],"ix":2},"a":{"a":0,"k":[0,0],"ix":1},"s":{"a":0,"k":[100,100],"ix":3},"r":{"a":0,"k":0,"ix":6},"o":{"a":0,"k":100,"ix":7},"sk":{"a":0,"k":0,"ix":4},"sa":{"a":0,"k":0,"ix":5},"nm":"变换"}],"nm":"椭圆形","np":1,"cix":2,"bm":0,"ix":3,"mn":"ADBE Vector Group","hd":false}],"ip":0,"op":375,"st":0,"bm":0}]},{"id":"comp_4","nm":"镜头","layers":[{"ddd":0,"ind":1,"ty":0,"nm":"动态","refId":"comp_5","sr":1,"ks":{"o":{"a":0,"k":100,"ix":11},"r":{"a":0,"k":0,"ix":10},"p":{"a":1,"k":[{"i":{"x":0.5,"y":1},"o":{"x":0.5,"y":0},"t":0,"s":[163.5,-292.5,0],"to":[0,1,0],"ti":[0,0,0]},{"i":{"x":0.5,"y":1},"o":{"x":0.5,"y":0},"t":63,"s":[163.5,-286.5,0],"to":[0,0,0],"ti":[0,0,0]},{"i":{"x":0.5,"y":0.5},"o":{"x":0.271,"y":0.271},"t":100,"s":[163.5,-292.5,0],"to":[0,0,0],"ti":[0,0,0]},{"i":{"x":0.5,"y":0.5},"o":{"x":0.313,"y":0.313},"t":107,"s":[163.5,-292.5,0],"to":[0,0,0],"ti":[0,0,0]},{"i":{"x":0.604,"y":0.604},"o":{"x":0.5,"y":0.5},"t":175,"s":[163.5,-292.5,0],"to":[0,0,0],"ti":[0,0,0]},{"t":199,"s":[163.5,-292.5,0]}],"ix":2,"l":2},"a":{"a":0,"k":[562.5,1000.5,0],"ix":1,"l":2},"s":{"a":0,"k":[95,100,100],"ix":6,"l":2}},"ao":0,"w":1125,"h":2001,"ip":0,"op":175,"st":0,"bm":0}]},{"id":"comp_5","nm":"动态","layers":[{"ddd":0,"ind":1,"ty":4,"nm":"不动 - 7","td":1,"sr":1,"ks":{"o":{"a":0,"k":100,"ix":11},"r":{"a":0,"k":0,"ix":10},"p":{"a":0,"k":[564.43,1401.5,0],"ix":2,"l":2},"a":{"a":0,"k":[0,0,0],"ix":1,"l":2},"s":{"a":0,"k":[100,100,100],"ix":6,"l":2}},"ao":0,"ef":[{"ty":25,"nm":"投影","np":8,"mn":"ADBE Drop Shadow","ix":1,"en":1,"ef":[{"ty":2,"nm":"阴影颜色","mn":"ADBE Drop Shadow-0001","ix":1,"v":{"a":0,"k":[0.412488013506,0.510904014111,0.718919992447,0.119999997318],"ix":1}},{"ty":0,"nm":"不透明度","mn":"ADBE Drop Shadow-0002","ix":2,"v":{"a":0,"k":30.6,"ix":2}},{"ty":0,"nm":"方向","mn":"ADBE Drop Shadow-0003","ix":3,"v":{"a":0,"k":180,"ix":3}},{"ty":0,"nm":"距离","mn":"ADBE Drop Shadow-0004","ix":4,"v":{"a":0,"k":6,"ix":4}},{"ty":0,"nm":"柔和度","mn":"ADBE Drop Shadow-0005","ix":5,"v":{"a":0,"k":24,"ix":5}},{"ty":7,"nm":"仅阴影","mn":"ADBE Drop Shadow-0006","ix":6,"v":{"a":0,"k":0,"ix":6}}]}],"shapes":[{"ty":"gr","it":[{"ty":"rc","d":1,"s":{"a":0,"k":[141.516,107],"ix":2},"p":{"a":0,"k":[0,0],"ix":3},"r":{"a":0,"k":53.5,"ix":4},"nm":"矩形路径 1","mn":"ADBE Vector Shape - Rect","hd":false},{"ty":"fl","c":{"a":0,"k":[1,1,1,1],"ix":4},"o":{"a":0,"k":100,"ix":5},"r":1,"bm":0,"nm":"填充 1","mn":"ADBE Vector Graphic - Fill","hd":false},{"ty":"tr","p":{"a":0,"k":[0,0],"ix":2},"a":{"a":0,"k":[0,0],"ix":1},"s":{"a":0,"k":[100,100],"ix":3},"r":{"a":0,"k":0,"ix":6},"o":{"a":0,"k":100,"ix":7},"sk":{"a":0,"k":0,"ix":4},"sa":{"a":0,"k":0,"ix":5},"nm":"变换"}],"nm":"蒙版","np":2,"cix":2,"bm":0,"ix":1,"mn":"ADBE Vector Group","hd":false}],"ip":0,"op":176,"st":0,"bm":0},{"ddd":0,"ind":2,"ty":0,"nm":"动2","tt":1,"refId":"comp_6","sr":1,"ks":{"o":{"a":0,"k":100,"ix":11},"r":{"a":0,"k":0,"ix":10},"p":{"a":1,"k":[{"i":{"x":0.833,"y":0.833},"o":{"x":0.167,"y":0.167},"t":9,"s":[520,999.5,0],"to":[4.292,0.148,0],"ti":[-10.192,-0.382,0]},{"i":{"x":0.833,"y":0.833},"o":{"x":0.167,"y":0.167},"t":63,"s":[563.5,1001,0],"to":[1.863,0.07,0],"ti":[-3,0.184,0]},{"i":{"x":0.833,"y":0.833},"o":{"x":0.167,"y":0.167},"t":88,"s":[588,999.5,0],"to":[4.083,-0.25,0],"ti":[-7.25,-0.25,0]},{"t":175,"s":[520,999.5,0]}],"ix":2,"l":2},"a":{"a":0,"k":[562.5,1000.5,0],"ix":1,"l":2},"s":{"a":1,"k":[{"i":{"x":[0.833,0.833,0.833],"y":[0.833,0.833,0.833]},"o":{"x":[0.167,0.167,0.167],"y":[0.167,0.167,0.167]},"t":9,"s":[95,100,100]},{"i":{"x":[0.833,0.833,0.833],"y":[0.833,0.833,0.833]},"o":{"x":[0.167,0.167,0.167],"y":[0.167,0.167,0.167]},"t":63,"s":[100,100,100]},{"i":{"x":[0.833,0.833,0.833],"y":[0.833,0.833,0.833]},"o":{"x":[0.167,0.167,0.167],"y":[0.167,0.167,0.167]},"t":88,"s":[95,100,100]},{"t":175,"s":[95,100,100]}],"ix":6,"l":2}},"ao":0,"w":1125,"h":2001,"ip":0,"op":175,"st":0,"bm":0},{"ddd":0,"ind":3,"ty":4,"nm":"circle 2","sr":1,"ks":{"o":{"a":0,"k":100,"ix":11},"r":{"a":0,"k":0,"ix":10},"p":{"a":1,"k":[{"i":{"x":0.833,"y":0.833},"o":{"x":0.167,"y":0.167},"t":9,"s":[381,979.75,0],"to":[4.667,0,0],"ti":[-8.167,0,0]},{"i":{"x":0.833,"y":0.833},"o":{"x":0.167,"y":0.167},"t":63,"s":[409,979.75,0],"to":[8.167,0,0],"ti":[0,0,0]},{"i":{"x":0.833,"y":0.833},"o":{"x":0.167,"y":0.167},"t":88,"s":[430,979.75,0],"to":[0,0,0],"ti":[8.167,0,0]},{"i":{"x":0.833,"y":0.833},"o":{"x":0.167,"y":0.167},"t":125,"s":[409,979.75,0],"to":[-8.167,0,0],"ti":[4.667,0,0]},{"t":175,"s":[381,979.75,0]}],"ix":2,"l":2},"a":{"a":0,"k":[0,0,0],"ix":1,"l":2},"s":{"a":0,"k":[100,99.555,100],"ix":6,"l":2}},"ao":0,"shapes":[{"ty":"gr","it":[{"ind":0,"ty":"sh","ix":1,"ks":{"a":0,"k":{"i":[[17.551,0],[0,0],[0,-17.551],[-17.551,0],[0,0],[0,17.551]],"o":[[0,0],[-17.551,0],[0,17.551],[0,0],[17.551,0],[0,-17.551]],"v":[[15.365,-31.779],[-15.365,-31.779],[-47.145,0],[-15.365,31.779],[15.365,31.779],[47.145,0]],"c":true},"ix":2},"nm":"路径 1","mn":"ADBE Vector Shape - Group","hd":false},{"ty":"st","c":{"a":0,"k":[0.847058823529,0.847058823529,0.854901960784,1],"ix":3},"o":{"a":0,"k":100,"ix":4},"w":{"a":0,"k":4,"ix":5},"lc":2,"lj":1,"ml":4,"bm":0,"nm":"描边 1","mn":"ADBE Vector Graphic - Stroke","hd":false},{"ty":"fl","c":{"a":0,"k":[0.125489994124,0.192156997381,0.329412004059,1],"ix":4},"o":{"a":0,"k":100,"ix":5},"r":1,"bm":0,"nm":"填充 1","mn":"ADBE Vector Graphic - Fill","hd":false},{"ty":"tr","p":{"a":0,"k":[155.293,423.04],"ix":2},"a":{"a":0,"k":[0,0],"ix":1},"s":{"a":0,"k":[103.632,108.684],"ix":3},"r":{"a":0,"k":0,"ix":6},"o":{"a":0,"k":100,"ix":7},"sk":{"a":0,"k":0,"ix":4},"sa":{"a":0,"k":0,"ix":5},"nm":"变换"}],"nm":"矩形 1","np":3,"cix":2,"bm":0,"ix":1,"mn":"ADBE Vector Group","hd":false}],"ip":0,"op":176,"st":0,"bm":0}]},{"id":"comp_6","nm":"动2","layers":[{"ddd":0,"ind":1,"ty":4,"nm":"椭圆形备份 2","sr":1,"ks":{"o":{"a":0,"k":100,"ix":11},"r":{"a":0,"k":0,"ix":10},"p":{"a":0,"k":[582,1401.817,0],"ix":2,"l":2},"a":{"a":0,"k":[0,0,0],"ix":1,"l":2},"s":{"a":0,"k":[100,100,100],"ix":6,"l":2}},"ao":0,"shapes":[{"ty":"gr","it":[{"d":1,"ty":"el","s":{"a":0,"k":[13.25,13.211],"ix":2},"p":{"a":0,"k":[0,0],"ix":3},"nm":"椭圆路径 1","mn":"ADBE Vector Shape - Ellipse","hd":false},{"ty":"fl","c":{"a":0,"k":[0.232855504155,0.227515483499,0.31295588553,1],"ix":4},"o":{"a":0,"k":100,"ix":5},"r":1,"bm":0,"nm":"填充 1","mn":"ADBE Vector Graphic - Fill","hd":false},{"ty":"tr","p":{"a":0,"k":[0,0],"ix":2},"a":{"a":0,"k":[0,0],"ix":1},"s":{"a":0,"k":[100,100],"ix":3},"r":{"a":0,"k":0,"ix":6},"o":{"a":0,"k":100,"ix":7},"sk":{"a":0,"k":0,"ix":4},"sa":{"a":0,"k":0,"ix":5},"nm":"变换"}],"nm":"椭圆形备份 2","np":2,"cix":2,"bm":0,"ix":1,"mn":"ADBE Vector Group","hd":false}],"ip":0,"op":175,"st":0,"bm":0},{"ddd":0,"ind":2,"ty":4,"nm":"椭圆形 2","sr":1,"ks":{"o":{"a":0,"k":80,"ix":11},"r":{"a":0,"k":0,"ix":10},"p":{"a":1,"k":[{"i":{"x":0.833,"y":0.833},"o":{"x":0.167,"y":0.167},"t":0,"s":[545.562,1398.514,0],"to":[1.167,0,0],"ti":[0,0,0]},{"i":{"x":0.833,"y":0.833},"o":{"x":0.167,"y":0.167},"t":100,"s":[552.562,1398.514,0],"to":[0,0,0],"ti":[1.167,0,0]},{"t":175,"s":[545.562,1398.514,0]}],"ix":2,"l":2},"a":{"a":0,"k":[0,0,0],"ix":1,"l":2},"s":{"a":0,"k":[100,100,100],"ix":6,"l":2}},"ao":0,"shapes":[{"ty":"gr","it":[{"d":1,"ty":"el","s":{"a":0,"k":[6.625,6.606],"ix":2},"p":{"a":0,"k":[0,0],"ix":3},"nm":"椭圆路径 1","mn":"ADBE Vector Shape - Ellipse","hd":false},{"ty":"fl","c":{"a":0,"k":[1,1,1,1],"ix":4},"o":{"a":0,"k":100,"ix":5},"r":1,"bm":0,"nm":"填充 1","mn":"ADBE Vector Graphic - Fill","hd":false},{"ty":"tr","p":{"a":0,"k":[0,0],"ix":2},"a":{"a":0,"k":[0,0],"ix":1},"s":{"a":0,"k":[100,100],"ix":3},"r":{"a":0,"k":0,"ix":6},"o":{"a":0,"k":100,"ix":7},"sk":{"a":0,"k":0,"ix":4},"sa":{"a":0,"k":0,"ix":5},"nm":"变换"}],"nm":"椭圆形","np":2,"cix":2,"bm":0,"ix":1,"mn":"ADBE Vector Group","hd":false}],"ip":0,"op":175,"st":0,"bm":0},{"ddd":0,"ind":3,"ty":4,"nm":"椭圆形","sr":1,"ks":{"o":{"a":0,"k":100,"ix":11},"r":{"a":0,"k":0,"ix":10},"p":{"a":0,"k":[548.875,1401.817,0],"ix":2,"l":2},"a":{"a":0,"k":[0,0,0],"ix":1,"l":2},"s":{"a":0,"k":[100,100,100],"ix":6,"l":2}},"ao":0,"shapes":[{"ty":"gr","it":[{"d":1,"ty":"el","s":{"a":0,"k":[26.5,26.422],"ix":2},"p":{"a":0,"k":[0,0],"ix":3},"nm":"椭圆路径 1","mn":"ADBE Vector Shape - Ellipse","hd":false},{"ty":"st","c":{"a":0,"k":[0.847058832645,0.847058832645,0.854901969433,1],"ix":3},"o":{"a":0,"k":100,"ix":4},"w":{"a":0,"k":3.3,"ix":5},"lc":1,"lj":1,"ml":4,"bm":0,"nm":"描边 1","mn":"ADBE Vector Graphic - Stroke","hd":false},{"ty":"tr","p":{"a":0,"k":[0,0],"ix":2},"a":{"a":0,"k":[0,0],"ix":1},"s":{"a":0,"k":[100,100],"ix":3},"r":{"a":0,"k":0,"ix":6},"o":{"a":0,"k":100,"ix":7},"sk":{"a":0,"k":0,"ix":4},"sa":{"a":0,"k":0,"ix":5},"nm":"变换"}],"nm":"椭圆形","np":2,"cix":2,"bm":0,"ix":1,"mn":"ADBE Vector Group","hd":false},{"ty":"fl","c":{"a":0,"k":[0.125490196078,0.192156862745,0.329411764706,1],"ix":4},"o":{"a":0,"k":100,"ix":5},"r":1,"bm":0,"nm":"填充 1","mn":"ADBE Vector Graphic - Fill","hd":false}],"ip":0,"op":175,"st":0,"bm":0},{"ddd":0,"ind":4,"ty":4,"nm":"矩形备份 2","sr":1,"ks":{"o":{"a":0,"k":100,"ix":11},"r":{"a":0,"k":0,"ix":10},"p":{"a":0,"k":[565.438,1401.817,0],"ix":2,"l":2},"a":{"a":0,"k":[0,0,0],"ix":1,"l":2},"s":{"a":0,"k":[100,100,100],"ix":6,"l":2}},"ao":0,"shapes":[{"ty":"gr","it":[{"ty":"rc","d":1,"s":{"a":0,"k":[72.875,39.633],"ix":2},"p":{"a":0,"k":[0,0],"ix":3},"r":{"a":0,"k":39.633,"ix":4},"nm":"矩形路径 1","mn":"ADBE Vector Shape - Rect","hd":false},{"ty":"fl","c":{"a":0,"k":[0.090196078431,0.133333333333,0.227450980392,1],"ix":4},"o":{"a":0,"k":100,"ix":5},"r":1,"bm":0,"nm":"填充 1","mn":"ADBE Vector Graphic - Fill","hd":false},{"ty":"tr","p":{"a":0,"k":[0,0],"ix":2},"a":{"a":0,"k":[0,0],"ix":1},"s":{"a":0,"k":[100,100],"ix":3},"r":{"a":0,"k":0,"ix":6},"o":{"a":0,"k":100,"ix":7},"sk":{"a":0,"k":0,"ix":4},"sa":{"a":0,"k":0,"ix":5},"nm":"变换"}],"nm":"矩形备份 2","np":2,"cix":2,"bm":0,"ix":1,"mn":"ADBE Vector Group","hd":false}],"ip":0,"op":175,"st":0,"bm":0}]}],"layers":[{"ddd":0,"ind":1,"ty":0,"nm":"巡航-专属光","refId":"comp_0","sr":1,"ks":{"o":{"a":0,"k":100,"ix":11},"r":{"a":0,"k":0,"ix":10},"p":{"a":0,"k":[115.5,258,0],"ix":2,"l":2},"a":{"a":0,"k":[453.5,352,0],"ix":1,"l":2},"s":{"a":0,"k":[100,100,100],"ix":6,"l":2}},"ao":0,"w":907,"h":704,"ip":0,"op":200,"st":0,"bm":0},{"ddd":0,"ind":2,"ty":0,"nm":"3","refId":"comp_1","sr":1,"ks":{"o":{"a":1,"k":[{"i":{"x":[0.8],"y":[1]},"o":{"x":[0.2],"y":[0]},"t":60,"s":[30]},{"i":{"x":[0.833],"y":[1]},"o":{"x":[0.167],"y":[0]},"t":72,"s":[100]},{"i":{"x":[0.8],"y":[1]},"o":{"x":[0.2],"y":[0]},"t":101,"s":[100]},{"t":113,"s":[30]}],"ix":11},"r":{"a":0,"k":0,"ix":10},"p":{"a":0,"k":[255,205,0],"ix":2,"l":2},"a":{"a":0,"k":[50,50,0],"ix":1,"l":2},"s":{"a":1,"k":[{"i":{"x":[0.8,0.8,0.8],"y":[1,1,1]},"o":{"x":[0.2,0.2,0.2],"y":[0,0,0]},"t":60,"s":[60,60,100]},{"i":{"x":[0.833,0.833,0.833],"y":[1,1,1]},"o":{"x":[0.167,0.167,0.167],"y":[0,0,0]},"t":72,"s":[100,100,100]},{"i":{"x":[0.8,0.8,0.8],"y":[1,1,1]},"o":{"x":[0.2,0.2,0.2],"y":[0,0,0]},"t":101,"s":[100,100,100]},{"t":113,"s":[60,60,100]}],"ix":6,"l":2}},"ao":0,"w":100,"h":100,"ip":0,"op":224,"st":0,"bm":0},{"ddd":0,"ind":3,"ty":0,"nm":"2","refId":"comp_2","sr":1,"ks":{"o":{"a":1,"k":[{"i":{"x":[0.8],"y":[1]},"o":{"x":[0.2],"y":[0]},"t":25,"s":[30]},{"i":{"x":[0.8],"y":[1]},"o":{"x":[0.202],"y":[0]},"t":34,"s":[100]},{"i":{"x":[0.802],"y":[1]},"o":{"x":[0.202],"y":[0]},"t":53,"s":[100]},{"t":65,"s":[30]}],"ix":11},"r":{"a":0,"k":0,"ix":10},"p":{"a":0,"k":[163,257,0],"ix":2,"l":2},"a":{"a":0,"k":[50,50,0],"ix":1,"l":2},"s":{"a":1,"k":[{"i":{"x":[0.8,0.8,0.8],"y":[1,1,1]},"o":{"x":[0.2,0.2,0.2],"y":[0,0,0]},"t":25,"s":[60,60,100]},{"i":{"x":[0.8,0.8,0.8],"y":[1,1,1]},"o":{"x":[0.202,0.202,0.202],"y":[0,0,0]},"t":34,"s":[100,100,100]},{"i":{"x":[0.802,0.802,0.802],"y":[1,1,1]},"o":{"x":[0.202,0.202,0.202],"y":[0,0,0]},"t":53,"s":[100,100,100]},{"t":65,"s":[60,60,100]}],"ix":6,"l":2}},"ao":0,"w":100,"h":100,"ip":0,"op":224,"st":0,"bm":0},{"ddd":0,"ind":4,"ty":0,"nm":"1","refId":"comp_3","sr":1,"ks":{"o":{"a":1,"k":[{"i":{"x":[0.8],"y":[1]},"o":{"x":[0.2],"y":[0]},"t":25,"s":[100]},{"i":{"x":[0.8],"y":[1]},"o":{"x":[0.2],"y":[0]},"t":37,"s":[30]},{"i":{"x":[0.8],"y":[1]},"o":{"x":[0.2],"y":[0]},"t":152,"s":[30]},{"t":164,"s":[100]}],"ix":11},"r":{"a":0,"k":0,"ix":10},"p":{"a":0,"k":[77,205,0],"ix":2,"l":2},"a":{"a":0,"k":[50,50,0],"ix":1,"l":2},"s":{"a":1,"k":[{"i":{"x":[0.8,0.8,0.8],"y":[1,1,1]},"o":{"x":[0.2,0.2,0.2],"y":[0,0,0]},"t":25,"s":[100,100,100]},{"i":{"x":[0.8,0.8,0.8],"y":[1,1,1]},"o":{"x":[0.2,0.2,0.2],"y":[0,0,0]},"t":37,"s":[60,60,100]},{"i":{"x":[0.8,0.8,0.8],"y":[1,1,1]},"o":{"x":[0.2,0.2,0.2],"y":[0,0,0]},"t":152,"s":[60,60,100]},{"t":164,"s":[100,100,100]}],"ix":6,"l":2}},"ao":0,"w":100,"h":100,"ip":0,"op":224,"st":0,"bm":0},{"ddd":0,"ind":5,"ty":4,"nm":"head-bg 2","td":1,"sr":1,"ks":{"o":{"a":0,"k":100,"ix":11},"r":{"a":0,"k":0,"ix":10},"p":{"a":1,"k":[{"i":{"x":0.833,"y":0.833},"o":{"x":0.167,"y":0.167},"t":0,"s":[166.384,108.5,0],"to":[0,0.333,0],"ti":[0,0,0]},{"i":{"x":0.833,"y":0.833},"o":{"x":0.167,"y":0.167},"t":75,"s":[166.384,110.5,0],"to":[0,0,0],"ti":[0,0.333,0]},{"t":150,"s":[166.384,108.5,0]}],"ix":2,"l":2},"a":{"a":0,"k":[0,0,0],"ix":1,"l":2},"s":{"a":0,"k":[90,100,100],"ix":6,"l":2}},"ao":0,"shapes":[{"ty":"gr","it":[{"ty":"rc","d":1,"s":{"a":0,"k":[141.516,107],"ix":2},"p":{"a":0,"k":[0,0],"ix":3},"r":{"a":0,"k":53.5,"ix":4},"nm":"矩形路径 1","mn":"ADBE Vector Shape - Rect","hd":false},{"ty":"fl","c":{"a":0,"k":[1,1,1,1],"ix":4},"o":{"a":0,"k":100,"ix":5},"r":1,"bm":0,"nm":"填充 1","mn":"ADBE Vector Graphic - Fill","hd":false},{"ty":"tr","p":{"a":0,"k":[0,0],"ix":2},"a":{"a":0,"k":[0,0],"ix":1},"s":{"a":0,"k":[100,100],"ix":3},"r":{"a":0,"k":0,"ix":6},"o":{"a":0,"k":100,"ix":7},"sk":{"a":0,"k":0,"ix":4},"sa":{"a":0,"k":0,"ix":5},"nm":"变换"}],"nm":"蒙版","np":2,"cix":2,"bm":0,"ix":1,"mn":"ADBE Vector Group","hd":false}],"ip":0,"op":175,"st":0,"bm":0},{"ddd":0,"ind":6,"ty":0,"nm":"镜头","tt":1,"refId":"comp_4","sr":1,"ks":{"o":{"a":0,"k":100,"ix":11},"r":{"a":0,"k":0,"ix":10},"p":{"a":0,"k":[172.5,165,0],"ix":2,"l":2},"a":{"a":0,"k":[165.5,165,0],"ix":1,"l":2},"s":{"a":0,"k":[100,100,100],"ix":6,"l":2}},"ao":0,"w":331,"h":330,"ip":0,"op":175,"st":0,"bm":0},{"ddd":0,"ind":7,"ty":4,"nm":"head-bg","sr":1,"ks":{"o":{"a":0,"k":100,"ix":11},"r":{"a":0,"k":0,"ix":10},"p":{"a":1,"k":[{"i":{"x":0.833,"y":0.833},"o":{"x":0.167,"y":0.167},"t":0,"s":[166.384,108.5,0],"to":[0,0.333,0],"ti":[0,0,0]},{"i":{"x":0.833,"y":0.833},"o":{"x":0.167,"y":0.167},"t":75,"s":[166.384,110.5,0],"to":[0,0,0],"ti":[0,0.333,0]},{"t":150,"s":[166.384,108.5,0]}],"ix":2,"l":2},"a":{"a":0,"k":[0,0,0],"ix":1,"l":2},"s":{"a":0,"k":[90,100,100],"ix":6,"l":2}},"ao":0,"shapes":[{"ty":"gr","it":[{"ty":"rc","d":1,"s":{"a":0,"k":[141.516,107],"ix":2},"p":{"a":0,"k":[0,0],"ix":3},"r":{"a":0,"k":53.5,"ix":4},"nm":"矩形路径 1","mn":"ADBE Vector Shape - Rect","hd":false},{"ty":"fl","c":{"a":0,"k":[1,1,1,1],"ix":4},"o":{"a":0,"k":100,"ix":5},"r":1,"bm":0,"nm":"填充 1","mn":"ADBE Vector Graphic - Fill","hd":false},{"ty":"tr","p":{"a":0,"k":[0,0],"ix":2},"a":{"a":0,"k":[0,0],"ix":1},"s":{"a":0,"k":[100,100],"ix":3},"r":{"a":0,"k":0,"ix":6},"o":{"a":0,"k":100,"ix":7},"sk":{"a":0,"k":0,"ix":4},"sa":{"a":0,"k":0,"ix":5},"nm":"变换"}],"nm":"蒙版","np":2,"cix":2,"bm":0,"ix":1,"mn":"ADBE Vector Group","hd":false}],"ip":0,"op":175,"st":0,"bm":0},{"ddd":0,"ind":8,"ty":4,"nm":"不动 - 4","sr":1,"ks":{"o":{"a":0,"k":40,"ix":11},"r":{"a":0,"k":0,"ix":10},"p":{"a":0,"k":[166.384,183,0],"ix":2,"l":2},"a":{"a":0,"k":[0,0,0],"ix":1,"l":2},"s":{"a":0,"k":[100,100,100],"ix":6,"l":2}},"ao":0,"shapes":[{"ty":"gr","it":[{"d":1,"ty":"el","s":{"a":0,"k":[24,24],"ix":2},"p":{"a":0,"k":[0,0],"ix":3},"nm":"椭圆路径 1","mn":"ADBE Vector Shape - Ellipse","hd":false},{"ty":"st","c":{"a":0,"k":[0.556862771511,0.57647061348,0.623529434204,1],"ix":3},"o":{"a":0,"k":100,"ix":4},"w":{"a":0,"k":3,"ix":5},"lc":1,"lj":1,"ml":4,"bm":0,"nm":"描边 1","mn":"ADBE Vector Graphic - Stroke","hd":false},{"ty":"tr","p":{"a":0,"k":[0,0],"ix":2},"a":{"a":0,"k":[0,0],"ix":1},"s":{"a":0,"k":[100,100],"ix":3},"r":{"a":0,"k":0,"ix":6},"o":{"a":0,"k":100,"ix":7},"sk":{"a":0,"k":0,"ix":4},"sa":{"a":0,"k":0,"ix":5},"nm":"变换"}],"nm":"椭圆形","np":3,"cix":2,"bm":0,"ix":1,"mn":"ADBE Vector Group","hd":false}],"ip":0,"op":175,"st":0,"bm":0},{"ddd":0,"ind":9,"ty":4,"nm":"body","sr":1,"ks":{"o":{"a":0,"k":100,"ix":11},"r":{"a":0,"k":0,"ix":10},"p":{"a":0,"k":[165.635,-292.5,0],"ix":2,"l":2},"a":{"a":0,"k":[0,0,0],"ix":1,"l":2},"s":{"a":0,"k":[100,100,100],"ix":6,"l":2}},"ao":0,"shapes":[{"ty":"gr","it":[{"ind":0,"ty":"sh","ix":1,"ks":{"a":0,"k":{"i":[[6.723,0],[0,0],[0,-6.723],[0,0],[-6.723,0],[0,0],[0,6.723],[0,0]],"o":[[0,0],[-6.723,0],[0,0],[0,6.723],[0,0],[6.723,0],[0,0],[0,-6.723]],"v":[[29.558,-44.49],[-29.558,-44.49],[-41.732,-32.316],[-54.952,32.316],[-42.779,44.49],[42.779,44.49],[54.952,32.316],[41.732,-32.316]],"c":true},"ix":2},"nm":"路径 1","mn":"ADBE Vector Shape - Group","hd":false},{"ty":"fl","c":{"a":0,"k":[0.966867843329,0.976015098422,0.995695465686,1],"ix":4},"o":{"a":0,"k":100,"ix":5},"r":1,"bm":0,"nm":"填充 1","mn":"ADBE Vector Graphic - Fill","hd":false},{"ty":"tr","p":{"a":0,"k":[0.749,474.49],"ix":2},"a":{"a":0,"k":[0,0],"ix":1},"s":{"a":0,"k":[98.333,98.837],"ix":3},"r":{"a":0,"k":0,"ix":6},"o":{"a":0,"k":100,"ix":7},"sk":{"a":0,"k":0,"ix":4},"sa":{"a":0,"k":0,"ix":5},"nm":"变换"}],"nm":"矩形 1","np":3,"cix":2,"bm":0,"ix":1,"mn":"ADBE Vector Group","hd":false}],"ip":0,"op":175,"st":0,"bm":0},{"ddd":0,"ind":10,"ty":4,"nm":"形状图层 2","sr":1,"ks":{"o":{"a":0,"k":100,"ix":11},"r":{"a":0,"k":0,"ix":10},"p":{"a":0,"k":[164.607,-291.25,0],"ix":2,"l":2},"a":{"a":0,"k":[0,0,0],"ix":1,"l":2},"s":{"a":0,"k":[120,100,100],"ix":6,"l":2}},"ao":0,"shapes":[{"ty":"gr","it":[{"ty":"rc","d":1,"s":{"a":0,"k":[71.554,13.295],"ix":2},"p":{"a":0,"k":[0,0],"ix":3},"r":{"a":0,"k":20,"ix":4},"nm":"矩形路径 1","mn":"ADBE Vector Shape - Rect","hd":false},{"ty":"fl","c":{"a":0,"k":[0.556862771511,0.57647061348,0.623529434204,1],"ix":4},"o":{"a":0,"k":100,"ix":5},"r":1,"bm":0,"nm":"填充 1","mn":"ADBE Vector Graphic - Fill","hd":false},{"ty":"tr","p":{"a":0,"k":[1.777,517.897],"ix":2},"a":{"a":0,"k":[0,0],"ix":1},"s":{"a":0,"k":[100,100],"ix":3},"r":{"a":0,"k":0,"ix":6},"o":{"a":0,"k":100,"ix":7},"sk":{"a":0,"k":0,"ix":4},"sa":{"a":0,"k":0,"ix":5},"nm":"变换"}],"nm":"矩形 1","np":3,"cix":2,"bm":0,"ix":1,"mn":"ADBE Vector Group","hd":false}],"ip":0,"op":175,"st":0,"bm":0},{"ddd":0,"ind":12,"ty":4,"nm":"草","sr":1,"ks":{"o":{"a":0,"k":100,"ix":11},"r":{"a":0,"k":0,"ix":10},"p":{"a":0,"k":[169.868,188.103,0],"ix":2,"l":2},"a":{"a":0,"k":[0,0,0],"ix":1,"l":2},"s":{"a":0,"k":[100,100,100],"ix":6,"l":2}},"ao":0,"shapes":[{"ty":"gr","it":[{"ind":0,"ty":"sh","ix":1,"ks":{"a":0,"k":{"i":[[-1.27,-2.68],[-0.01,-0.98],[0,0],[0,0],[0,0],[-0.14,-1.08],[-0.62,-0.96],[0,0],[0,0],[0.02,-1.6],[0,0],[0,0],[0,0],[0,0],[0,0],[0,0],[0,0],[0,0],[5.93,-5.73],[0.24,-0.76],[0,0],[0.02,-0.08],[0,0],[0,0],[0,0],[0,0],[0,0],[0,0],[0,0],[0,0],[0.6,-0.6],[0,0],[0,0],[0,0],[0,0],[0,0],[0,0],[0,0],[0,0],[0,0],[0,0],[0,0],[0,0],[0,0],[0,0],[0,0],[0,0],[0,0],[0,0],[0,0],[0,0],[0,0],[0,0],[-6.3,7.41],[-0.88,0.53],[0,0],[0,0],[0,0],[-0.32,1.6],[0.47,1.16],[0,0],[0,0],[-0.27,1.74],[-0.8,1.38],[0,0],[0,0],[0,0],[-0.16,0.34],[0,0],[-0.8,0.91],[0,0]],"o":[[0.54,1.14],[0,0],[0,0],[0,0],[0.01,0.76],[0.2,1.57],[0,0],[0,0],[0.62,0.99],[0,0],[0,0],[0,0],[0,0],[0,0],[0,0],[0,0],[0,0],[-0.53,4.6],[-0.29,0.28],[0,0],[-0.03,0.08],[0,0],[0,0],[0,0],[0,0],[0,0],[0,0],[0,0],[0,0],[-0.41,1.44],[0,0],[0,0],[0,0],[0,0],[0,0],[0,0],[0,0],[0,0],[0,0],[0,0],[0,0],[0,0],[0,0],[0,0],[0,0],[0,0],[0,0],[0,0],[0,0],[0,0],[0,0],[0,0],[-0.88,-13.13],[0.59,-0.69],[0,0],[0,0],[0,0],[1.49,-0.9],[0.21,-1.03],[0,0],[0,0],[-0.55,-1.41],[0.36,-2.33],[0,0],[0,0],[0,0],[0.19,-0.33],[0,0],[0.49,-1.09],[0,0],[2.36,-2.51]],"v":[[138.182,-26.781],[138.842,-23.781],[138.842,-23.351],[138.802,-21.921],[138.802,-21.381],[138.992,-18.661],[140.412,-15.071],[140.882,-14.361],[141.132,-13.971],[142.232,-10.321],[142.222,-9.291],[142.202,-8.291],[142.172,-7.331],[142.172,-7.331],[142.132,-6.711],[142.092,-6.101],[142.042,-5.501],[141.982,-4.901],[133.772,9.289],[132.982,10.909],[132.842,11.389],[132.772,11.639],[132.632,12.169],[132.632,12.169],[132.462,12.819],[131.892,15.279],[131.642,16.349],[131.642,16.349],[131.462,17.049],[131.272,17.729],[129.782,20.989],[129.392,21.379],[129.182,21.579],[129.182,21.579],[128.742,21.989],[128.282,22.409],[127.782,22.859],[127.252,23.309],[126.692,23.789],[126.102,24.279],[125.482,24.779],[124.832,25.299],[124.152,25.829],[123.442,26.389],[122.702,26.949],[121.532,27.829],[120.292,28.739],[118.982,29.689],[117.612,30.679],[116.662,31.349],[115.172,32.389],[113.612,33.469],[112.232,32.969],[120.362,2.169],[122.652,0.379],[123.192,0.069],[123.992,-0.401],[124.532,-0.721],[127.672,-4.231],[127.072,-7.491],[126.532,-8.801],[126.312,-9.361],[125.592,-14.061],[127.522,-19.371],[127.822,-19.891],[128.262,-20.631],[128.542,-21.121],[129.072,-22.111],[129.182,-22.371],[131.162,-25.431],[131.462,-25.761]],"c":true},"ix":2},"nm":"路径 1","mn":"ADBE Vector Shape - Group","hd":false},{"ind":1,"ty":"sh","ix":2,"ks":{"a":0,"k":{"i":[[0,0],[0,0],[1.09,-4.92],[0,0],[-2.47,-5.13],[0,0],[0,0],[0,0],[0,0],[0,0],[0,0],[0,0],[0,0],[0.32,3.79],[-1.73,0.05]],"o":[[0,0],[1.67,0.16],[0,0],[-0.71,3.26],[0,0],[0,0],[0,0],[0,0],[0,0],[0,0],[0,0],[0,0],[-3.45,-3.28],[-0.31,-3.73],[0,0]],"v":[[-137.233,-33.471],[-137.133,-33.471],[-133.643,-22.261],[-133.783,-21.701],[-131.143,-9.111],[-131.613,-9.521],[-131.613,-9.521],[-132.083,-9.951],[-133.063,-10.841],[-134.083,-11.771],[-135.143,-12.751],[-136.233,-13.771],[-137.363,-14.841],[-142.213,-24.621],[-137.233,-33.471]],"c":true},"ix":2},"nm":"路径 2","mn":"ADBE Vector Shape - Group","hd":false},{"ty":"mm","mm":2,"nm":"合并路径 1","mn":"ADBE Vector Filter - Merge","hd":false},{"ty":"fl","c":{"a":0,"k":[0.874509811401,0.913725495338,1,1],"ix":4},"o":{"a":0,"k":100,"ix":5},"r":1,"bm":0,"nm":"填充 1","mn":"ADBE Vector Graphic - Fill","hd":false},{"ty":"tr","p":{"a":0,"k":[0,0],"ix":2},"a":{"a":0,"k":[0,0],"ix":1},"s":{"a":0,"k":[100,100],"ix":3},"r":{"a":0,"k":0,"ix":6},"o":{"a":0,"k":100,"ix":7},"sk":{"a":0,"k":0,"ix":4},"sa":{"a":0,"k":0,"ix":5},"nm":"变换"}],"nm":"草","np":4,"cix":2,"bm":0,"ix":1,"mn":"ADBE Vector Group","hd":false}],"ip":0,"op":175,"st":0,"bm":0},{"ddd":0,"ind":13,"ty":4,"nm":"bg 3","td":1,"sr":1,"ks":{"o":{"a":0,"k":100,"ix":11},"r":{"a":0,"k":0,"ix":10},"p":{"a":0,"k":[166.43,165,0],"ix":2,"l":2},"a":{"a":0,"k":[0,0,0],"ix":1,"l":2},"s":{"a":0,"k":[100,100,100],"ix":6,"l":2}},"ao":0,"shapes":[{"ty":"gr","it":[{"d":1,"ty":"el","s":{"a":0,"k":[330,330],"ix":2},"p":{"a":0,"k":[0,0],"ix":3},"nm":"椭圆路径 1","mn":"ADBE Vector Shape - Ellipse","hd":false},{"ty":"fl","c":{"a":0,"k":[0.409705307904,0.538320563821,0.813924632353,1],"ix":4},"o":{"a":0,"k":100,"ix":5},"r":1,"bm":0,"nm":"填充 1","mn":"ADBE Vector Graphic - Fill","hd":false},{"ty":"tr","p":{"a":0,"k":[0,0],"ix":2},"a":{"a":0,"k":[0,0],"ix":1},"s":{"a":0,"k":[100,100],"ix":3},"r":{"a":0,"k":0,"ix":6},"o":{"a":0,"k":100,"ix":7},"sk":{"a":0,"k":0,"ix":4},"sa":{"a":0,"k":0,"ix":5},"nm":"变换"}],"nm":"蒙版","np":2,"cix":2,"bm":0,"ix":1,"mn":"ADBE Vector Group","hd":false}],"ip":0,"op":175,"st":0,"bm":0},{"ddd":0,"ind":14,"ty":4,"nm":"形状图层 3","tt":1,"sr":1,"ks":{"o":{"a":0,"k":100,"ix":11},"r":{"a":0,"k":0,"ix":10},"p":{"a":0,"k":[163.816,174,0],"ix":2,"l":2},"a":{"a":0,"k":[0,0,0],"ix":1,"l":2},"s":{"a":0,"k":[100,114.419,100],"ix":6,"l":2}},"ao":0,"shapes":[{"ty":"gr","it":[{"ind":0,"ty":"sh","ix":1,"ks":{"a":0,"k":{"i":[[95.444,0],[0,-42.355],[-95.444,0],[0,42.355]],"o":[[-95.444,0],[0,42.355],[95.444,0],[0,-42.355]],"v":[[0,-76.691],[-172.949,-8.74],[0,76.691],[172.684,-8.74]],"c":true},"ix":2},"nm":"路径 1","mn":"ADBE Vector Shape - Group","hd":false},{"ty":"fl","c":{"a":0,"k":[0.898652136326,0.919144392014,0.96217828989,1],"ix":4},"o":{"a":0,"k":100,"ix":5},"r":1,"bm":0,"nm":"填充 1","mn":"ADBE Vector Graphic - Fill","hd":false},{"ty":"tr","p":{"a":0,"k":[1.316,96.691],"ix":2},"a":{"a":0,"k":[0,0],"ix":1},"s":{"a":0,"k":[100,100],"ix":3},"r":{"a":0,"k":0,"ix":6},"o":{"a":0,"k":100,"ix":7},"sk":{"a":0,"k":0,"ix":4},"sa":{"a":0,"k":0,"ix":5},"nm":"变换"}],"nm":"椭圆 1","np":3,"cix":2,"bm":0,"ix":1,"mn":"ADBE Vector Group","hd":false}],"ip":0,"op":175,"st":0,"bm":0},{"ddd":0,"ind":15,"ty":4,"nm":"点缀","sr":1,"ks":{"o":{"a":0,"k":100,"ix":11},"r":{"a":0,"k":0,"ix":10},"p":{"a":0,"k":[166.568,114,0],"ix":2,"l":2},"a":{"a":0,"k":[0,0,0],"ix":1,"l":2},"s":{"a":0,"k":[100,100,100],"ix":6,"l":2}},"ao":0,"shapes":[{"ty":"gr","it":[{"ind":0,"ty":"sh","ix":1,"ks":{"a":0,"k":{"i":[[-3.31,0],[0,-3.31],[3.31,0],[0,3.31]],"o":[[3.31,0],[0,3.31],[-3.31,0],[0,-3.31]],"v":[[85.5,36],[91.5,42],[85.5,48],[79.5,42]],"c":true},"ix":2},"nm":"路径 1","mn":"ADBE Vector Shape - Group","hd":false},{"ind":1,"ty":"sh","ix":2,"ks":{"a":0,"k":{"i":[[-2.49,0],[0,-2.49],[2.49,0],[0,2.49]],"o":[[2.49,0],[0,2.49],[-2.49,0],[0,-2.49]],"v":[[-87,-48],[-82.5,-43.5],[-87,-39],[-91.5,-43.5]],"c":true},"ix":2},"nm":"路径 2","mn":"ADBE Vector Shape - Group","hd":false},{"ty":"mm","mm":1,"nm":"合并路径 1","mn":"ADBE Vector Filter - Merge","hd":false},{"ty":"fl","c":{"a":0,"k":[0.882353007793,0.92156869173,1,1],"ix":4},"o":{"a":0,"k":100,"ix":5},"r":1,"bm":0,"nm":"填充 1","mn":"ADBE Vector Graphic - Fill","hd":false},{"ty":"tr","p":{"a":0,"k":[0,0],"ix":2},"a":{"a":0,"k":[0,0],"ix":1},"s":{"a":0,"k":[100,100],"ix":3},"r":{"a":0,"k":0,"ix":6},"o":{"a":0,"k":100,"ix":7},"sk":{"a":0,"k":0,"ix":4},"sa":{"a":0,"k":0,"ix":5},"nm":"变换"}],"nm":"点缀","np":4,"cix":2,"bm":0,"ix":1,"mn":"ADBE Vector Group","hd":false}],"ip":0,"op":175,"st":0,"bm":0},{"ddd":0,"ind":16,"ty":4,"nm":"bg","sr":1,"ks":{"o":{"a":0,"k":10,"ix":11},"r":{"a":0,"k":0,"ix":10},"p":{"a":0,"k":[166.43,165,0],"ix":2,"l":2},"a":{"a":0,"k":[0,0,0],"ix":1,"l":2},"s":{"a":0,"k":[100,100,100],"ix":6,"l":2}},"ao":0,"shapes":[{"ty":"gr","it":[{"d":1,"ty":"el","s":{"a":0,"k":[330,330],"ix":2},"p":{"a":0,"k":[0,0],"ix":3},"nm":"椭圆路径 1","mn":"ADBE Vector Shape - Ellipse","hd":false},{"ty":"fl","c":{"a":0,"k":[0.409705307904,0.538320563821,0.813924632353,1],"ix":4},"o":{"a":0,"k":100,"ix":5},"r":1,"bm":0,"nm":"填充 1","mn":"ADBE Vector Graphic - Fill","hd":false},{"ty":"tr","p":{"a":0,"k":[0,0],"ix":2},"a":{"a":0,"k":[0,0],"ix":1},"s":{"a":0,"k":[100,100],"ix":3},"r":{"a":0,"k":0,"ix":6},"o":{"a":0,"k":100,"ix":7},"sk":{"a":0,"k":0,"ix":4},"sa":{"a":0,"k":0,"ix":5},"nm":"变换"}],"nm":"蒙版","np":2,"cix":2,"bm":0,"ix":1,"mn":"ADBE Vector Group","hd":false}],"ip":0,"op":175,"st":0,"bm":0}],"markers":[{"tm":87,"cm":"8","dr":0},{"tm":195,"cm":"0","dr":0}]}